slug,first_date,first_expense_date
checkstyle/checkstyle,2019-01-21 12:59:05,
clojure-emacs/cider,2017-01-06 12:52:08,2019-01-13 22:50:03
uraimo/awesome-software-patreons,2017-09-14 17:07:07,
NaturalIntelligence/imglab,,
joshtronic/donate,,
onivim/oni,,
tareefdev/lets-support-emacs,2017-01-06 12:52:08,2019-01-13 22:50:03
kriasoft/react-starter-kit,2016-05-21 18:10:43,
tim-soft/react-starter-kit-antd,2016-05-21 18:10:43,
tomwayson/esri-loader-react-starter-kit,2016-05-21 18:10:43,
xugy0926/shuoriyu,2016-05-21 18:10:43,
clarketm/connect-react-starter-kit,2016-05-21 18:10:43,
SyedAman/kriegstudios.com,2016-05-21 18:10:43,
josephfrazier/Reported-Web,2016-05-21 18:10:43,
atomspace/atomspace-calentask,2016-05-21 18:10:43,
shakacode/react-starter-kit-with-bootstrap-loader,2016-05-21 18:10:43,
ibudisteanu/SkyHub-Frontend-React-Isomorphic,2016-05-21 18:10:43,
dreambo8563/RSK-Mobx-SSR,2016-05-21 18:10:43,
rubocop-hq/rubocop,2017-01-06 17:50:13,2019-01-13 22:49:48
WebReflection/donate,2018-01-25 21:01:56,
bevry/feedr,2016-11-12 03:48:22,2018-11-30 22:31:28
bevry/kava,2016-11-12 03:48:22,2018-11-30 22:31:28
balupton/website,2016-11-12 03:48:22,2018-11-30 22:31:28
docpad/docpad-plugin-feedr,2016-11-12 03:48:22,2018-11-30 22:31:28
docpad/website,2016-11-12 03:48:22,2018-11-30 22:31:28
docpad/docpad-plugin-consolidate,2016-11-12 03:48:22,2018-11-30 22:31:28
bevry/website,2016-11-12 03:48:22,2018-11-30 22:31:28
bevry/hooks,2016-11-12 03:48:22,2018-11-30 22:31:28
bevry/jordanbpeterson.community,2016-11-12 03:48:22,2018-11-30 22:31:28
bevry/eslint-config-bevry,2016-11-12 03:48:22,2018-11-30 22:31:28
bevry/daet,2016-11-12 03:48:22,2018-11-30 22:31:28
docpad/docpad-plugin-assets,2016-11-12 03:48:22,2018-11-30 22:31:28
bevry/billing,2016-11-12 03:48:22,2018-11-30 22:31:28
bevry/valid-directory,2016-11-12 03:48:22,2018-11-30 22:31:28
bevry/meet,2016-11-12 03:48:22,2018-11-30 22:31:28
bevry/memo,2016-11-12 03:48:22,2018-11-30 22:31:28
bevry/githubauthquerystring,2016-11-12 03:48:22,2018-11-30 22:31:28
bevry/start-of-week,2016-11-12 03:48:22,2018-11-30 22:31:28
bevry/pluginloader,2016-11-12 03:48:22,2018-11-30 22:31:28
bevry/native-promise-pool,2016-11-12 03:48:22,2018-11-30 22:31:28
kervin521/checkstyle,2019-01-21 12:59:05,
adnanh/webhook,2017-09-20 23:35:12,2019-03-01 16:15:44
JacobEvelyn/friends,,
docpad/docpad,2016-11-12 03:48:22,2018-11-30 22:31:28
bevry/cson,2016-11-12 03:48:22,2018-11-30 22:31:28
bevry/watchr,2016-11-12 03:48:22,2018-11-30 22:31:28
bevry/caterpillar,2016-11-12 03:48:22,2018-11-30 22:31:28
bevry/projectz,2016-11-12 03:48:22,2018-11-30 22:31:28
bevry/getmac,2016-11-12 03:48:22,2018-11-30 22:31:28
bevry/badges,2016-11-12 03:48:22,2018-11-30 22:31:28
bevry/istextorbinary,2016-11-12 03:48:22,2018-11-30 22:31:28
bevry/taskgroup,2016-11-12 03:48:22,2018-11-30 22:31:28
bevry/joe,2016-11-12 03:48:22,2018-11-30 22:31:28
bevry/domain-browser,2016-11-12 03:48:22,2018-11-30 22:31:28
bevry/typechecker,2016-11-12 03:48:22,2018-11-30 22:31:28
bevry/safeps,2016-11-12 03:48:22,2018-11-30 22:31:28
bevry/ambi,2016-11-12 03:48:22,2018-11-30 22:31:28
docpad/docpad-plugin-livereload,2016-11-12 03:48:22,2018-11-30 22:31:28
bevry/event-emitter-grouped,2016-11-12 03:48:22,2018-11-30 22:31:28
bevry/extendr,2016-11-12 03:48:22,2018-11-30 22:31:28
bevry/pluginclerk,2016-11-12 03:48:22,2018-11-30 22:31:28
bevry/textextensions,2016-11-12 03:48:22,2018-11-30 22:31:28
bevry/cachely,2016-11-12 03:48:22,2018-11-30 22:31:28
dragoscirjan/aurelia-content-loader,,
dragoscirjan/aurelia-google-recaptcha,,
code-helix/slatekit,,
code-helix/slatekit-common,,
mlabouardy/komiser,2019-06-19 14:19:04,
pomber/git-history,,
BlueLightOS/bluelight,,
DIYgod/RSSHub,,
MoePlayer/DPlayer,2018-08-23 02:17:22,
DIYgod/DPlayer,2018-08-23 02:17:22,
cdnbye/P2P-DPlayer,2018-08-23 02:17:22,
maximenz/Kaku,2017-05-17 06:17:21,
FreezingMoon/AncientBeast,,
huangyuan9/distributer,2017-04-12 13:37:32,
huangyuan9/permission,2017-04-12 13:37:32,
ory/hydra,2018-04-11 03:08:09,
ory/oathkeeper,2018-04-11 03:08:09,
ory/keto,2018-04-11 03:08:09,
pizzaql/pizzaql,2019-06-04 07:06:32,2019-06-20 23:28:55
amilajack/eslint-plugin-compat,,
NaturalIntelligence/fast-xml-parser,2018-02-28 10:12:32,2018-12-02 20:33:09
antonreshetov/mysigmail,,
botman/botman,,
devhubapp/devhub,2019-05-26 03:24:39,2019-07-05 00:15:24
ng-alain/ng-alain,,
ng-alain/delon,,
d2phap/ImageGlass,,
danichim/web-technologies,,
pixelfed/pixelfed,,
xiaodaigh/disk.frame,,
codex-team/editor.js,2019-04-02 07:12:39,
nayafia/lemonade-stand,,
mrjoelkemp/awesome-paid-open-source,2018-06-01 15:22:22,2019-07-01 19:11:50
source-foundry/inc,2016-10-15 11:48:09,2019-06-09 01:04:20
jamesgeorge007/Skills-Hub,2017-09-11 16:16:12,2019-06-05 23:35:49
ossfriendly/open-source-supporters,,
micromata/awesome-open-source-supporting,,
haasn/libplacebo,,
sara0871/babel,,
ifmeorg/ifme,2017-10-23 13:42:15,2018-10-20 18:32:30
InfiniBrains/mobagen,,
ivanceras/diwata,,
impulsesjs/impulses,,
j-show/jshow,,
jjzhang166/LCUI,2017-03-12 10:12:05,2017-08-04 13:41:38
orgmanager/orgmanager,2019-02-15 15:14:44,
tootsuite/mastodon,2019-01-10 08:27:50,2019-07-05 00:11:14
cambrian-era/mastodon,2019-01-10 08:27:50,2019-07-05 00:11:14
kiritan-pop/mastodon,2019-01-10 08:27:50,2019-07-05 00:11:14
moleculerjs/moleculer,2018-09-03 21:40:24,
ice-services/moleculer,2018-09-03 21:40:24,
nFnK/tntsearch-fulltext,2018-07-12 14:13:41,
nFnK/tntsearch,2018-07-12 14:13:41,
mui-org/material-ui-docs,2017-03-26 13:18:24,2019-05-17 01:28:54
pedronauck/docz,2018-08-08 14:18:15,
vulhub/vulhub,,
php-telegram-bot/core,,
joehand/open-source-finances,,
marktext/marktext,2018-05-08 14:24:53,2019-04-12 02:27:50
TutupSalep/React-Native-Starter,2017-11-14 09:08:58,2019-06-28 05:33:37
realrashid/sweet-alert,,
Requarks/wiki-v1,2017-10-05 05:09:44,2019-07-05 00:05:19
RicoSuter/NSwag,2018-12-16 13:00:50,
hafizadil123/orderpay,,
sentialx/multrin,,
serhii-londar/open-source-mac-os-apps,,
jfoenixadmin/JFoenix,,
neutralinojs/neutralinojs,2019-04-12 09:22:52,
colgreen/sharpneat,2018-04-03 18:39:25,
syuilo/misskey,,
vueComponent/ant-design-vue,2018-09-05 20:41:55,2019-07-01 01:16:34
techqueria/website,,
tryhtml/themes.tryhtml,,
intelligo-systems/intelligo,2019-04-16 21:54:28,2019-04-17 01:36:37
intelligo-systems/memorize-bot,2019-04-16 21:54:28,2019-04-17 01:36:37
vuejs/vuepress,,
codesandbox/codesandbox-client,2018-05-04 13:41:41,
andersevenrud/osjs-debian,,
os-js/osjs-wireless-tools-provider,,
os-js/osjs-installers,,
os-js/osjs-example-vue-application,,
os-js/osjs-event-emitter,,
os-js/osjs-proc-provider,,
os-js/osjs-example-react-application,,
os-js/osjs-windows8-theme,,
w3develops/w3develops,,
zacanger/styled-reset,,
zloirock/core-js,2019-03-21 23:38:17,
TonnyL/Awesome_APIs,,
pogovictoriabot/miscordvictoriatx,,
MSPaintIDE/MSPaintIDE,,
andersevenrud/osjs-ldap-auth,,
eddiejibson/limitrr,,
ddanninger/mautic-plugin-grapesbuilder,2017-10-03 00:04:28,2019-06-05 22:43:27
mousumi-dualcube/gitSharedreact,2017-01-13 05:16:23,2019-02-07 22:32:14
jeantimex/ios-swift-collapsible-table-section,,
nestjs/nest-cli,2017-05-23 16:28:54,2019-06-14 01:30:26
nestjs/typescript-starter,2017-05-23 16:28:54,2019-06-14 01:30:26
nestjs/graphql,2017-05-23 16:28:54,2019-06-14 01:30:26
nestjs/swagger,2017-05-23 16:28:54,2019-06-14 01:30:26
nestjs/typeorm,2017-05-23 16:28:54,2019-06-14 01:30:26
nestjs/cqrs,2017-05-23 16:28:54,2019-06-14 01:30:26
nestjs/docs.nestjs.com,2017-05-23 16:28:54,2019-06-14 01:30:26
nestjs/ng-universal,2017-05-23 16:28:54,2019-06-14 01:30:26
kelvin-mai/nest-ideas-api,2017-05-23 16:28:54,2019-06-14 01:30:26
nestjs/terminus,2017-05-23 16:28:54,2019-06-14 01:30:26
nestjs/schematics,2017-05-23 16:28:54,2019-06-14 01:30:26
nestjs/passport,2017-05-23 16:28:54,2019-06-14 01:30:26
nestjs/jwt,2017-05-23 16:28:54,2019-06-14 01:30:26
WonderPanda/nestjs-microservice-architecture,2017-05-23 16:28:54,2019-06-14 01:30:26
nestjs/elasticsearch,2017-05-23 16:28:54,2019-06-14 01:30:26
kelvin-mai/nest-commerce,2017-05-23 16:28:54,2019-06-14 01:30:26
nestjs/javascript-starter,2017-05-23 16:28:54,2019-06-14 01:30:26
nestjs/nestjs.com,2017-05-23 16:28:54,2019-06-14 01:30:26
benawad/nest-mongo-graphql,2017-05-23 16:28:54,2019-06-14 01:30:26
mdoury/nestjs-auth-starter-kit,2017-05-23 16:28:54,2019-06-14 01:30:26
ifaim/nestjs-express-cassandra,2017-05-23 16:28:54,2019-06-14 01:30:26
balta-io/1980,2017-05-23 16:28:54,2019-06-14 01:30:26
yemiwebby/bookstore-nest,2017-05-23 16:28:54,2019-06-14 01:30:26
TimurRK/nestjs-example,2017-05-23 16:28:54,2019-06-14 01:30:26
Samox/dojo-event-sourcing-cqrs,2017-05-23 16:28:54,2019-06-14 01:30:26
zmj0920/material-warehouse,2017-05-23 16:28:54,2019-06-14 01:30:26
rcanessa89/nest-js-starter,,
cdiaz/nest-job-queue,2017-05-23 16:28:54,2019-06-14 01:30:26
jajaperson/nestjs-auth0,2017-05-23 16:28:54,2019-06-14 01:30:26
Blacate/dwz,2017-05-23 16:28:54,2019-06-14 01:30:26
joshuamorony/nestjs-mongodb-jwt-auth,2017-05-23 16:28:54,2019-06-14 01:30:26
chriszrc/nestjs-typescript-starter-postgres,2017-05-23 16:28:54,2019-06-14 01:30:26
InsaneWookie/mame-highscores,,
juangonzaq/nestjs-ddd,2017-05-23 16:28:54,2019-06-14 01:30:26
techiediaries/nestjs-upload-serve-file,2017-05-23 16:28:54,2019-06-14 01:30:26
impactbyte-tech/learn-nestjs,2017-05-23 16:28:54,2019-06-14 01:30:26
kostis-codefresh/nestjs-example,2017-05-23 16:28:54,2019-06-14 01:30:26
mhkz/marry-service,2017-05-23 16:28:54,2019-06-14 01:30:26
aperdizs/rdr2-animals,2017-05-23 16:28:54,2019-06-14 01:30:26
carlosponton/ragnarok-m-afterdawn-backend,2017-05-23 16:28:54,2019-06-14 01:30:26
kelvinbe/pet-api,2017-05-23 16:28:54,2019-06-14 01:30:26
EdselNicolas/crud-jwt-nestjs-mongoose,2017-05-23 16:28:54,2019-06-14 01:30:26
xoxefdp/nestjs-webpack,2017-05-23 16:28:54,2019-06-14 01:30:26
ifaim/nestjs-nodemailer,2017-05-23 16:28:54,2019-06-14 01:30:26
ahmadarif/medium-nest-app,2017-05-23 16:28:54,2019-06-14 01:30:26
philippschladitz/image-hub-backend,2017-05-23 16:28:54,2019-06-14 01:30:26
beaussart/nest-onion-boilerplate,2017-05-23 16:28:54,2019-06-14 01:30:26
zhangtanlin/monitor-nest,2017-05-23 16:28:54,2019-06-14 01:30:26
Felipe-BP/api-heroes-nest-mongo,2017-05-23 16:28:54,2019-06-14 01:30:26
brianjohnsonsr/nest.ws.tutorial,2017-05-23 16:28:54,2019-06-14 01:30:26
cdiaz/nest-neo4j,2017-05-23 16:28:54,2019-06-14 01:30:26
Bernardstanislas/dojo-cqrs-nest,2017-05-23 16:28:54,2019-06-14 01:30:26
695954085/order-system,2017-05-23 16:28:54,2019-06-14 01:30:26
baoleilei/nest-blog,2017-05-23 16:28:54,2019-06-14 01:30:26
ChangJoo-Park/nest-docs-ko,2017-05-23 16:28:54,2019-06-14 01:30:26
danielmlc/blogServer,2017-05-23 16:28:54,2019-06-14 01:30:26
spencercope/g7-web-services,2017-05-23 16:28:54,2019-06-14 01:30:26
torgge/nestjsframework,,
Winplaybox/websitebuilder,2017-10-03 00:04:28,2019-06-05 22:43:27
tonymanpro/NestJs,2017-05-23 16:28:54,2019-06-14 01:30:26
caiyue1993/IceCream,2018-01-02 21:44:26,2018-10-25 23:44:45
ahkeravi2778/webisforyou,2019-04-10 05:29:08,
ahkeravi2778/ahkeravi2778.github.io,2019-04-10 05:29:08,
developers-youcong/Settings-Sync-Plus,2018-03-20 09:17:26,2018-10-17 20:07:55
KronicDeth/intellij-elixir,2019-07-04 06:05:00,
ChrisRM/material-theme-jetbrains,2018-04-26 12:06:02,2018-12-09 02:14:24
bitbeans/SimpleDnsCrypt,,
thepirat000/Audit.NET,2018-12-11 10:41:27,2019-01-02 10:19:39
niosus/EasyClangComplete,2018-10-10 14:15:41,2018-12-16 21:02:50
marcoschwartz/aREST,,
firefly-iii/firefly-iii,2019-02-21 03:04:28,2019-05-23 23:55:30
BeardedManStudios/ForgeNetworkingRemastered,,
HenryQW/Awesome-TTRSS,,
patrikx3/redis-ui,,
cmosguy/react-redux-auth0,2016-05-21 18:10:43,
mtxr/CudaText-SQLTools,,
mnater/Hyphenopoly,,
tom-englert/ResXResourceManager,2018-10-29 06:41:17,
OctoLinker/OctoLinker,,
huangyongguo/bootstrap-table,2018-01-15 17:49:33,
aboodman/dot-donate,,
MoePlayer/APlayer,2017-12-18 02:42:17,2018-07-13 18:41:24
pichillilorenzo/JavaScriptEnhancements,2018-11-05 20:16:42,
Ulakbim-DergiPark/ojs,,
vbauer/android-arsenal.com,,
wslutilities/wslu,,
JamieMason/astexplorer.app,,
JamieMason/image-optimisation-tools-comparison,,
JamieMason/add-matchers,,
JamieMason/is-office-hours,,
marcelklehr/floccus,,
CaptainKO/angularPWA,2018-05-21 05:04:36,2018-06-08 19:14:03
androidstarters/android-starter,,
timgrossmann/InstaPy,2019-01-12 05:35:57,2019-04-07 09:35:15
Instagram-Tools/bot,2019-01-12 05:35:57,2019-04-07 09:35:15
TGmeetup/TGmeetup,,
vicky002/AlgoWiki,,
z-song/laravel-admin,2018-05-31 04:33:42,
simonmichael/hledger,2017-01-20 14:21:45,
duplicati/duplicati,2017-09-14 17:07:07,
cohradoesr/noob,,
wizicer/FinancialSupportForOpenSource,2016-04-01 10:34:11,2019-03-01 16:09:16
dakk/lavorare-opensource,2016-04-01 10:34:11,2019-03-01 16:09:16
kivy/kivy,2018-11-16 10:06:23,2019-03-01 16:12:22
Vue-cd/vue,2017-09-11 16:16:12,2019-06-05 23:35:49
rocksolid-china/vuetify,2018-11-07 19:51:10,
JodaOrg/joda-beans,,
pugjs/then-pug,2017-04-01 15:29:10,2019-02-05 09:50:12
phengemuhle/UdemyReactNative,2017-05-26 12:36:34,2018-11-23 21:54:06
briannesbitt/Carbon,2019-02-25 14:54:07,2019-03-10 16:27:14
pug-php/pug,2019-03-10 16:27:14,2019-03-22 00:27:50
phug-php/bemto,2019-03-10 16:27:14,2019-03-22 00:27:50
chibisov/drf-extensions,2018-12-14 12:20:16,
activeadmin/activeadmin,2019-02-02 12:17:19,
unarxiv/CVFlow,,
libremesh/chef,,
wp-graphql/wp-graphql-woocommerce,,
open-services/open-registry,,
opencollective/sustainer-resources,,
acidjazz/laranuxt,,
rabbotio/ears,,
11ty/eleventy,2019-04-02 04:28:21,2019-05-09 22:01:01
AAChartModel/loadHtmlCssJsDemo-master,,
DIYgod/APlayer,2017-12-18 02:42:17,2018-07-13 18:41:24
zeapo/Android-Password-Store,2018-09-01 09:36:30,
MoienTajik/AspNetCore-Developer-Roadmap,2019-04-01 08:37:04,
AudioKit/AudioKit,2018-04-27 06:51:04,2018-11-26 22:41:57
AudioKit/AudioKitSynthOne,2018-04-27 06:51:04,2018-11-26 22:41:57
AvaloniaUI/Avalonia,2017-12-10 08:22:11,
zhongzf/Xamarin.Forms.Platform.AvaloniaUI,2017-12-10 08:22:11,
burning-git/BRMultilevelMeun,,
yenom/BitcoinKit,,
oguzhaninan/Buka,,
ali322/CNodeRN,,
colorswall/CSS-file-icons,,
wonderkun/CTF_web,,
darkprize/camerakit,2017-11-10 01:03:30,
Catel/Catel,2018-09-06 06:27:30,
Mo7ammedFtta7/smrc,,
LavaLite/cms,,
ApolloZhu/Developing-iOS-10-Apps-with-Swift,2018-09-26 12:18:56,
GhostWriters/DockSTARTer,2019-03-17 16:13:22,2019-06-20 23:08:51
facebook/docusaurus,2018-07-26 22:20:26,2018-11-23 22:18:35
facebook/Docusaurus,2018-07-26 22:20:26,2018-11-23 22:18:35
UXSoc/playbook,2018-07-26 22:20:26,2018-11-23 22:18:35
komeiji-satori/Dress,,
EFPrefix/EFQRCode,2017-12-14 01:41:55,
renyuneyun/Easer,,
EasyHexo/Easy-Hexo,,
kelthuzadx/EffectiveModernCppChinese,,
laravel-enso/enso,2018-09-04 11:07:22,
WangYihang/Exploit-Framework,,
sarriaroman/FabricPlugin,,
HamzaGhazouani/HGCircularSlider,,
zyphs21/HSStockChart,,
Yurunsoft/IMI,,
patchthecode/JTAppleCalendar,2019-03-12 11:50:35,
vdm-io/Joomla-Component-Builder,2019-02-10 15:15:51,
ujjwalguptaofficial/JsStore,,
onevcat/Kingfisher,2017-07-02 01:21:21,2019-03-10 20:18:13
noppefoxwolf/Kitsunebi,,
GeekyAnts/NativeBase,,
Binaryify/NeteaseCloudMusicApi,,
Binaryify/OneDark-Pro,,
OnionBrowser/OnionBrowser,2019-03-25 13:40:04,2019-06-05 23:59:41
OpenSID/OpenSID,,
nakajijapan/PhotoSlider,2019-01-09 04:56:47,
WangYihang/Platypus,,
QUANTAXIS/QUANTAXIS,,
louislivi/SMProxy,,
yyued/SVGAPlayer-Android,,
SpinaCMS/Spina,2017-12-05 12:18:01,
houko/SpringBootUnity,,
t4t5/sweetalert,2018-10-04 10:23:11,
Miloudi-Imad/moyen,,
SkrewEverything/Swift-Keylogger,,
TGmeetup/TWcommunities,,
Sunnyyoung/WeChatTweak-macOS,2019-07-09 03:10:24,
WangYihang/Webshell-Sniper,,
WPBP/WordPress-Plugin-Boilerplate-Powered,,
XOOPS/XoopsCore,2018-03-03 13:43:17,
XOOPS/XoopsCore25,2018-03-03 13:43:17,
l-hammer/You-need-to-know-css,,
accounts-js/accounts,2018-07-22 21:39:35,
BUPT/ai-ml.club,2019-05-03 05:27:15,2019-05-03 09:12:14
akaunting/akaunting,2018-09-06 08:13:58,
AlchemyCMS/alchemy_cms,,
0hwan/AlgorithmVisualizer,,
allure-framework/allure2,2017-07-12 10:54:14,2019-01-31 22:59:50
imolorhe/altair,2018-04-09 16:55:13,2019-01-24 22:45:32
AmazMod/AmazMod,2018-12-27 09:16:44,
521dimensions/amplitudejs,2019-06-20 17:20:22,
maskarade/Android-Orma,,
zjh1218/Androidsc,,
ar95314/security-master,,
ravidsrk/android-testing-guide,,
anforaProject/anfora,2019-04-04 15:05:43,
vlio20/angular-datepicker,,
aladdin83/no-angular-fullstack,2016-04-18 18:24:32,2016-09-02 19:41:49
mrin9/Angular-SpringBoot-REST-JWT,,
mrin9/Modular-Java-Jersey-Vue,,
rampatra/animatescroll.js,,
anonydog/anonydog,,
sendya/ant-design-pro-vue,2019-04-16 06:07:22,
vueComponent/ant-design,2018-09-05 20:41:55,2019-07-01 01:16:34
anticensority/runet-censorship-bypass,2018-04-26 08:30:16,
apex/apex,2016-03-07 21:43:29,2019-06-27 23:45:21
apex/up,2017-08-11 03:51:56,2018-11-23 22:24:12
ctripcorp/apollo,,
sysgears/apollo-universal-starter-kit,2017-11-07 05:34:42,
anifullstack/apollo-lab5,2017-11-07 05:34:42,
ColinEberhardt/applause-button,2019-02-25 15:33:39,2019-07-05 00:16:32
dpnishant/appmon,,
sandeepmistry/arduino-nRF5,2018-03-13 07:27:05,
alibaba/arthas,,
AssemblyScript/assemblyscript,2018-09-29 17:22:25,2019-04-12 02:32:24
asyncapi/asyncapi,2019-03-09 20:52:36,2019-07-05 00:24:13
goreleaser/goreleaser,2018-12-11 10:41:27,2019-01-02 10:19:39
droidefense/engine,2018-12-11 10:41:27,2019-01-02 10:19:39
xuri/aurora,,
aldeed/meteor-autoform,,
keras-team/autokeras,2018-11-12 12:09:26,
cryos/avogadro,2017-02-15 11:07:01,2018-11-23 22:08:32
skywind3000/awesome-cheatsheets,,
Awesome-Interview/Awesome-Interview,,
jaywcjlove/awesome-mac,,
SuJunming/mac-awesomeTools,,
ashkanRmk/awesome-persian-podcasts,,
Awesome-Windows/Awesome,,
SaiGonSoftware/Awesome-CMS-Core,,
ax5ui/ax5ui-kernel,2017-04-06 21:54:35,2018-05-04 17:25:53
william-morgan/babble,2017-01-30 15:58:02,2018-09-21 18:10:43
william-morgan/trackchat,2017-01-30 15:58:02,2018-09-21 18:10:43
6to5/6to5,,
npmdoc/node-npmdoc-babel,2017-04-01 12:52:19,2019-06-28 00:04:12
kriasoft/babel-starter-kit,2016-05-03 12:54:19,2017-08-04 13:25:37
badgen/badgen.net,2019-01-19 13:14:42,2019-02-21 10:48:15
bagisto/bagisto,2019-04-29 06:04:34,
bbhj/intro,,
beakerbrowser/beaker,2017-07-28 16:11:13,2019-06-14 01:29:27
beakerbrowser/homebase,2017-07-28 16:11:13,2019-06-14 01:29:27
HughIsaacs2/DatPart,2017-07-28 16:11:13,2019-06-14 01:29:27
d-band/better-xlsx,,
bevry/editions,2016-11-12 03:48:22,2018-11-30 22:31:28
docpad/docpad-plugin-ghpages,2016-11-12 03:48:22,2018-11-30 22:31:28
docpad/docpad-plugin-partials,2016-11-12 03:48:22,2018-11-30 22:31:28
docpad/docpad-plugin-paged,2016-11-12 03:48:22,2018-11-30 22:31:28
docpad/docpad-plugin-cleanurls,2016-11-12 03:48:22,2018-11-30 22:31:28
bevry/envfile,2016-11-12 03:48:22,2018-11-30 22:31:28
docpad/docpad-plugin-highlightjs,2016-11-12 03:48:22,2018-11-30 22:31:28
docpad/docpad-plugin-services,2016-11-12 03:48:22,2018-11-30 22:31:28
docpad/docpad-plugin-stylus,2016-11-12 03:48:22,2018-11-30 22:31:28
docpad/docpad-plugin-sass,2016-11-12 03:48:22,2018-11-30 22:31:28
bevry/progressbar,2016-11-12 03:48:22,2018-11-30 22:31:28
docpad/docpad-plugin-marked,2016-11-12 03:48:22,2018-11-30 22:31:28
docpad/docpad-plugin-eco,2016-11-12 03:48:22,2018-11-30 22:31:28
docpad/docpad-plugin-sitemap,2016-11-12 03:48:22,2018-11-30 22:31:28
docpad/docpad-plugin-multiplelayouts,2016-11-12 03:48:22,2018-11-30 22:31:28
docpad/docpad-plugin-related,2016-11-12 03:48:22,2018-11-30 22:31:28
docpad/docpad-plugin-tags,2016-11-12 03:48:22,2018-11-30 22:31:28
docpad/docpad-plugin-associatedfiles,2016-11-12 03:48:22,2018-11-30 22:31:28
docpad/docpad-plugin-text,2016-11-12 03:48:22,2018-11-30 22:31:28
docpad/docpad-plugin-handlebars,2016-11-12 03:48:22,2018-11-30 22:31:28
docpad/docpad-plugin-yourpluginname,2016-11-12 03:48:22,2018-11-30 22:31:28
docpad/docpad-plugin-umd,2016-11-12 03:48:22,2018-11-30 22:31:28
docpad/docpad-plugin-less,2016-11-12 03:48:22,2018-11-30 22:31:28
docpad/docpad-plugin-repocloner,2016-11-12 03:48:22,2018-11-30 22:31:28
docpad/docpad-plugin-coffeekup,2016-11-12 03:48:22,2018-11-30 22:31:28
docpad/docpad-plugin-browserifydocs,2016-11-12 03:48:22,2018-11-30 22:31:28
docpad/docpad-plugin-coffeescript,2016-11-12 03:48:22,2018-11-30 22:31:28
docpad/docpad-plugin-cachr,2016-11-12 03:48:22,2018-11-30 22:31:28
bevry/readdir-cluster,2016-11-12 03:48:22,2018-11-30 22:31:28
docpad/docpad-plugin-uglify,2016-11-12 03:48:22,2018-11-30 22:31:28
docpad/docpad-plugin-haml,2016-11-12 03:48:22,2018-11-30 22:31:28
docpad/docpad-plugin-gist,2016-11-12 03:48:22,2018-11-30 22:31:28
bevry/getrepos,2016-11-12 03:48:22,2018-11-30 22:31:28
docpad/docpad-plugin-downloader,2016-11-12 03:48:22,2018-11-30 22:31:28
bevry/binaryextensions,2016-11-12 03:48:22,2018-11-30 22:31:28
bevry/csextends,2016-11-12 03:48:22,2018-11-30 22:31:28
docpad/docpad-plugin-livescript,2016-11-12 03:48:22,2018-11-30 22:31:28
bevry/getcontributors,2016-11-12 03:48:22,2018-11-30 22:31:28
docpad/docpad-plugin-cson,2016-11-12 03:48:22,2018-11-30 22:31:28
docpad/docpad-plugin-styl,2016-11-12 03:48:22,2018-11-30 22:31:28
docpad/docpad-plugin-hogan,2016-11-12 03:48:22,2018-11-30 22:31:28
docpad/docpad-plugin-move,2016-11-12 03:48:22,2018-11-30 22:31:28
docpad/docpad-plugin-raw,2016-11-12 03:48:22,2018-11-30 22:31:28
docpad/docpad-plugin-autoprefix,2016-11-12 03:48:22,2018-11-30 22:31:28
docpad/docpad-plugin-cleancss,2016-11-12 03:48:22,2018-11-30 22:31:28
docpad/docpad-plugin-pug,2016-11-12 03:48:22,2018-11-30 22:31:28
MikeMcl/big.js,2018-06-01 13:10:05,2018-06-22 18:31:56
bincrafters/community,2017-12-02 05:13:43,2019-01-24 22:44:18
BioJulia/Bio.jl,2018-02-26 04:51:22,
BioJulia/BioSequences.jl,2018-02-26 04:51:22,
BioJulia/IntervalTrees.jl,2018-02-26 04:51:22,
BioJulia/GeneticVariation.jl,2018-02-26 04:51:22,
BioJulia/BioAlignments.jl,2018-02-26 04:51:22,
BioJulia/BioSymbols.jl,2018-02-26 04:51:22,
BioJulia/BioCore.jl,2018-02-26 04:51:22,
BioJulia/BioServices.jl,2018-02-26 04:51:22,
BioJulia/BioSequenceGraphs.jl,2018-02-26 04:51:22,
BioJulia/BioGenerics.jl,2018-02-26 04:51:22,
BioJulia/BioTools.jl,2018-02-26 04:51:22,
BioJulia/FASTX.jl,2018-02-26 04:51:22,
lets-blade/blade,,
meteor/blaze,2016-09-28 13:30:44,
blocktrack-ml/BlockTrack,,
LeachZhou/blog,,
mabyabt/bludit,2018-01-16 13:16:21,2018-04-17 14:34:48
BoostIO/Boostnote,2017-10-25 10:40:40,2018-07-20 18:17:03
BoostIO/boostnote-mobile,2017-10-25 10:40:40,2018-07-20 18:17:03
PowerMobileWeb/boostnote-mobile,2017-10-25 10:40:40,2018-07-20 18:17:03
boot-clj/boot,2019-04-02 19:43:47,
NoahsNMC/Chatversity_App,2018-12-13 10:06:46,2019-06-20 23:09:51
twbs/bootstrap,,
wenzhixin/bootstrap-table,2018-01-15 17:49:33,
bootstrap-vue/bootstrap-vue,2017-11-13 14:51:05,
BoLin-1025/bootstrap-vue,,
botui/botui,,
bower/bower,2017-04-06 20:12:10,2019-07-01 01:37:05
bpkg/bpkg,,
BrainJS/brain.js,2018-09-03 16:01:25,2019-04-02 21:24:15
brainjs/brain.js,2018-09-03 16:01:25,2019-04-02 21:24:15
pastelsky/bundlephobia,2018-07-24 07:32:25,
siddharthkp/bundlesize,2019-06-24 18:12:49,
buttercup/buttercup-desktop,2017-10-23 03:59:32,2019-01-04 17:39:12
buttercup/buttercup-mobile,2017-10-23 03:59:32,2019-01-04 17:39:12
vedetta-com/caesonia,2019-01-30 16:45:54,
natario1/CameraView,2018-02-28 19:01:28,
Canner/canner,2019-01-08 08:52:49,2019-07-05 00:12:17
caprover/caprover,2019-02-05 01:57:03,
CaptainFact/captain-fact-api,2018-05-31 05:26:13,2019-06-24 10:51:56
CaptainFact/captain-fact-frontend,2018-05-31 05:26:13,2019-06-24 10:51:56
CaptainFact/captain-fact-extension,2018-05-31 05:26:13,2019-06-24 10:51:56
CaptainFact/captain-fact,2018-05-31 05:26:13,2019-06-24 10:51:56
CaptainFact/captain-fact-overlay-injector,2018-05-31 05:26:13,2019-06-24 10:51:56
CaptainFact/captainfact-discord-bot,2018-05-31 05:26:13,2019-06-24 10:51:56
gielcobben/caption,,
casbin/casbin,2019-05-24 09:26:28,
cboard-org/cboard,2018-02-19 17:04:43,
jingweno/ccat,,
saytoken/ccet,,
ccxt/ccxt,,
CJELLYS/ccxt,,
siteplace/ccxt,2018-01-17 15:56:56,2019-07-05 00:09:22
KELiON/cerebro,2017-02-07 03:23:49,2017-05-06 04:13:40
cezerin/cezerin,2018-05-26 06:38:20,
Cezerin2/cezerin2,2019-05-13 01:32:30,
recp/cglm,,
chaijs/chai,2016-06-27 16:54:52,2017-11-24 15:35:52
cheeriojs/cheerio,2016-09-24 17:34:28,
hznupeter/mixly_wiki,2018-10-13 20:31:55,
chinese-poetry/chinese-poetry,,
choojs/choo,2016-07-18 19:46:04,2016-09-28 17:41:40
choojs/bankai,,
choojs/create-choo-app,,
stackhtml/documentify,,
choojs/create-choo-electron,,
choojs/choo-scaffold,,
AbhishekShaha/web-crawler-python,,
Spanarchian/ShowMeOff,,
CirclesUBI/docs,2019-01-23 16:25:02,2019-05-18 20:43:08
CirclesUBI/circles-contracts,2019-01-23 16:25:02,2019-05-18 20:43:08
CirclesUBI/circles-mobile,2019-01-23 16:25:02,2019-05-18 20:43:08
CirclesUBI/infrastructure-provisioning,2019-01-23 16:25:02,2019-05-18 20:43:08
CirclesUBI/circles-api,2019-01-23 16:25:02,2019-05-18 20:43:08
CirclesUBI/circles-website,2019-01-23 16:25:02,2019-05-18 20:43:08
CirclesUBI/cafe-grundeinkommen-website,2019-01-23 16:25:02,2019-05-18 20:43:08
thangchung/clean-code-dotnet,2019-04-01 08:44:12,
Clipy/Clipy,2017-05-11 11:26:43,
leanhtuan1996/cloudboost,,
ritishgumber/file-ui,,
ritishgumber/analytics-ui,,
coderaiser/cloudcmd,2017-09-22 09:12:52,
Humanitarian-AI/Pizza-fund,2017-10-03 12:56:34,2019-07-12 01:31:16
agentejo/cockpit,2017-09-05 15:55:23,
yochannah/code-is-science,,
prateekiiest/Code-Sleep-Python,,
ashutoshtiwari13/Simple-Random-Search,,
codebuddies/codebuddies,2016-10-10 17:47:55,2019-07-05 00:42:02
Bogdan-Lyashenko/codecrumbs,2019-02-18 07:27:17,
codefii/codefii,,
gitcoinco/codefund,2018-09-13 10:33:48,2019-07-05 11:43:01
jianfengye/collection,,
gocolly/colly,2018-02-08 18:54:53,2018-03-26 09:02:36
colmena/colmena,2017-10-26 18:44:22,
ngatl/colmena,2017-10-26 18:44:22,
tovic/color-picker,,
colorjs/color-space,,
kaproslaci/colyseus-without-sync,2017-06-17 09:54:51,2017-10-17 17:05:33
commanded/commanded,2019-05-17 11:01:50,
commitizen/cz-cli,2018-06-06 21:58:06,
bitfocus/companion,2018-10-07 09:29:30,2019-06-20 23:08:26
compodoc/compodoc,2018-04-15 03:27:37,
compodoc/website,2018-04-15 03:27:37,
aloneguid/config,2019-03-31 09:23:59,
react-community/create-react-native-app,,
PowerMobileWeb/create-react-native-app,,
coinpride/CryptoList,,
xwiki-labs/cryptpad,2018-07-06 10:16:49,2019-07-01 13:45:59
Keyang/node-csvtojson,,
ctf-wiki/ctf-wiki,,
cucumber/cucumber-ruby,2017-06-23 08:25:54,2019-06-05 23:19:26
cucumber/cucumber-js,2017-06-23 08:25:54,2019-06-05 23:19:26
cucumber/cucumber,2017-06-23 08:25:54,2019-06-05 23:19:26
cucumber/cucumber-jvm,2017-06-23 08:25:54,2019-06-05 23:19:26
ODIQueensland/data-curator,2017-06-23 08:25:54,2019-06-05 23:19:26
cucumber/cucumber-archetype,2017-06-23 08:25:54,2019-06-05 23:19:26
cucumber/cucumber-jvm-jython,2017-06-23 08:25:54,2019-06-05 23:19:26
mitls/mitls-curl,2018-04-06 19:05:15,2019-04-26 05:52:27
cyclejs/cyclejs,2016-09-20 04:31:40,2019-01-31 23:01:10
cyclejs/cycle-core,2016-09-20 04:31:40,2019-01-31 23:01:10
cypress-io/cypress,2018-06-28 12:50:26,
nlpjoe/daguan-classify-2018,,
darkreader/darkreader,2018-03-13 04:01:17,2018-12-07 11:15:03
mcibique/vue-date-fns,2018-04-25 16:39:26,2019-05-08 13:02:15
iamkun/dayjs,2019-04-17 05:35:55,
r0flc0pt4/dayjs,,
danrejsa/restfulApi-nodejs-express-mongodb,2017-05-25 08:39:41,2019-05-30 00:19:09
danrejsa/restful-api-node.js-express-,2017-05-25 08:39:41,2019-05-30 00:19:09
deep-cover/deep-cover,,
delaware-games-collective/delaware-games-collective.github.io,2019-05-10 11:08:01,
ra-gg/Delir,,
DemocracyEarth/sovereign,2016-05-22 19:21:55,
depjs/dep,2018-05-19 17:18:17,
lynndylanhurley/devise_token_auth,2018-03-18 15:02:53,2018-11-30 22:24:30
opendevshop/devshop,2019-02-22 15:55:31,2019-05-09 20:59:17
wein3967/DIM,2017-02-09 00:32:11,2019-06-20 23:19:31
DiscordHooks/travis-ci-discord-webhook,,
ravikumarrajasimhan/funretro,2017-07-14 15:34:11,2017-11-03 16:05:48
ntbrown/djangocos,,
zeromake/docker-debug,,
docsifyjs/docsify,2018-02-10 16:51:17,
txd-team/docsite,,
WebReflection/document-register-element,2018-01-18 19:02:17,
jorycn/zdocute,,
camleavitt/dokku,2016-06-18 19:18:38,2018-07-03 09:53:20
Dolibarr/dolibarr,2018-05-31 13:53:09,
doocs/intro,,
doocs/coding-interview,,
doocs/leetcode,,
doorkeeper-gem/doorkeeper,2019-06-17 11:44:19,
spencerwooo/dowww,,
ngs/draft-js-markdown-shortcuts-plugin,,
DragonComputer/Dragonfire,,
alexruperez/MADBike,,
Mun0n/MADBike,,
kthull/session-recording,2019-01-07 18:59:20,2019-07-01 11:58:34
TIGERB/easy-php,,
TIGERB/easy-tips,,
TIGERB/easy-vue,,
electron-react-boilerplate/electron-react-boilerplate,,
chentsulin/electron-react-boilerplate,,
Konjure/konjure-desktop-app,,
mengxiangyue/translate-tool,,
manojsinghnegiwd/react-electron-seed,,
maecky/electron-react-redux-mqtt,,
amilajack/erb-ant-design-example,,
TOKEDO-project/token-creator,,
makebrainwaves/neurolearning,,
iyobo/epicworshipneo,,
signal-desktop/signal-desktop,,
kasprownik/slack-gg,,
FYNCH-BIO/evolver-electron,,
drewatk/prose-pro,,
theghostyced/wordADay,,
secret-tech/desktop-moon-wallet,,
Kineolyan/githubist,,
chiefsmurph/johns-electron-playground,,
lbkchen/memstream,,
rgbkrk/nodebook,2017-05-06 18:25:58,2018-12-17 13:48:31
mask-dsn/mask-electron,2017-05-06 18:25:58,2018-12-17 13:48:31
ycai2/visual-git-stats,2017-05-06 18:25:58,2018-12-17 13:48:31
ElemeFE/element,2017-01-25 13:29:40,2019-02-05 09:49:54
newbeescm/beescmFE,2017-01-25 13:29:40,2019-02-05 09:49:54
aletheon/eleutherios,,
jmillermlc/elmsln,2017-11-05 09:48:43,
maticzav/emma-cli,,
emotion-js/emotion,2018-08-02 13:31:05,
tkh44/emotion,2018-08-02 13:31:05,
erxes/erxes,2018-01-15 17:38:40,2018-06-15 22:02:02
erxes/erxes-api,2018-01-15 17:38:40,2018-06-15 22:02:02
erxes/erxes-widgets,2018-01-15 17:38:40,2018-06-15 22:02:02
erxes/erxes-widgets-api,2018-01-15 17:38:40,2018-06-15 22:02:02
erxes/erxes-ios-sdk,2018-01-15 17:38:40,2018-06-15 22:02:02
erxes/erxes-ios,2018-01-15 17:38:40,2018-06-15 22:02:02
erxes/erxes-android-sdk,2018-01-15 17:38:40,2018-06-15 22:02:02
esdiscuss/esdiscuss.org,,
camelot-dev/excalibur,2018-12-12 19:02:14,
btargac/excel-parser-processor,,
expede/exceptional,,
s-a/eye-o,,
fabiolb/fabio,2017-12-22 15:21:09,
Marak/faker.js,2017-02-22 08:38:55,2018-06-15 23:35:50
Marak/Faker.js,2017-02-22 08:38:55,2018-06-15 23:35:50
open-falcon/falcon-plus,,
farmOS/farmOS,2019-02-20 12:48:15,2019-06-20 23:08:48
fastpack/fastpack,2019-04-27 22:54:07,
feathersjs/feathers,2017-06-03 10:14:32,2019-06-20 23:08:19
rofrischmann/bredon,2017-09-12 02:50:30,2018-10-12 17:13:48
MontFerret/ferret,2019-05-14 10:52:16,
Anyz01/alibaba-fescar,,
ff4j/ff4j,2018-01-04 00:18:35,2018-02-02 12:10:38
JonyFang/FFPopup,2018-12-18 04:37:36,
rabbitstack/fibratus,,
getfider/fider,2018-04-16 16:38:59,
file-icons/atom,2018-07-16 13:14:08,
final-form/react-final-form,2018-03-02 11:34:28,
final-form/final-form,2018-03-02 11:34:28,
final-form/react-final-form-hooks,2018-03-02 11:34:28,
npmdoc/node-npmdoc-flatpickr,,
flowtype/flow-for-vscode,2018-03-13 13:11:56,2019-03-22 00:19:39
fluffos/fluffos,,
flyimg/flyimg,,
opengento/flyimg-akeneo,,
Fody/Fody,2017-12-29 03:27:24,2019-07-01 01:37:21
Fody/MethodTimer,2017-12-29 03:27:24,2019-07-01 01:37:21
Fody/Home,2017-12-29 03:27:24,2019-07-01 01:37:21
FriendsOfFlarum/byobu,,
matthewgonzalez/fontplop,2017-11-29 02:17:08,2018-07-06 19:36:27
xaboy/form-builder,,
fountainjs/generator-fountain-webapp,2016-07-03 20:45:24,2019-07-01 07:54:56
FountainJS/generator-fountain-webapp,2016-07-03 20:45:24,2019-07-01 07:54:56
foxifyjs/foxify,,
freshOS/Stevia,2017-10-20 10:37:14,
freshOS/then,2017-10-20 10:37:14,
freshOS/ws,2017-10-20 10:37:14,
freshOS/Arrow,2017-10-20 10:37:14,
freshOS/Router,2017-10-20 10:37:14,
freshOS/Komponents,2017-10-20 10:37:14,
freshOS/Localize,2017-10-20 10:37:14,
freshOS/AssetChecker,2017-10-20 10:37:14,
virtualdogbert/Groovy_Links,2019-03-06 01:16:12,2019-05-09 22:12:24
thedaviddias/Front-End-Checklist,2017-12-26 08:33:30,2019-03-01 15:53:18
thedaviddias/Front-End-Performance-Checklist,2017-12-26 08:33:30,2019-03-01 15:53:18
frank-lam/fullstack-tutorial,,
energydrink9/functional-data-grid,,
fuse-box/fuse-box,2017-05-23 05:45:09,
galio-org/galio,2019-05-23 06:49:04,
galio-org/docs,2019-05-23 06:49:04,
KKMrTan/react-gatsby,2016-09-13 05:19:54,2018-03-23 13:31:28
LawJolla/gatsby-ssr-async-fork,,
gdljs/gdljs,2016-08-09 13:54:29,2019-07-11 19:52:01
jhipster/generator-jhipster,2017-12-04 12:37:57,2019-07-05 00:14:49
jhipster/jhipster-artwork,2017-12-04 12:37:57,2019-07-05 00:14:49
zanjs/generator-react-sta,,
GeoJSON-Net/GeoJSON.Net,,
MaxCDN/bootstrapcdn,2018-06-13 13:12:38,2019-07-05 00:12:38
TryGhost/Ghost,2018-07-16 20:06:14,2018-11-30 11:46:01
greenaway07/GirlDress,,
MichaelMure/git-bug,2018-09-28 13:57:39,
dhiogoantonio/Git-history,2019-02-13 02:35:40,2019-03-22 00:18:56
gitpoint/git-point,2017-10-13 11:37:14,
0xchamin/AI-Presentation,2017-10-13 11:37:14,
arzzen/git-quick-stats,,
sobolevn/git-secret,2018-05-01 01:23:26,
go-gitea/gitea,2018-05-03 20:57:23,2019-05-17 00:31:02
fibodite/licence,2018-05-03 20:57:23,2019-05-17 00:31:02
go-gitea/debian-packaging,2018-05-03 20:57:23,2019-05-17 00:31:02
gitextensions/gitextensions,2018-11-01 10:05:26,
huchenme/github-trending-api,,
giving-a-fuck-about-climate-change/carbon-inferno,,
gnu-mcu-eclipse/eclipse-plugins,,
c-bata/go-prompt,,
OJ/gobuster,2018-09-13 21:25:45,2018-11-02 18:21:00
goby-lang/goby,2017-05-30 10:45:22,2017-12-01 13:38:55
Muterra/py_hypergolix,2016-06-22 02:04:42,
Muterra/py_daemoniker,2016-06-22 02:04:42,
Muterra/py_hypergolix_demos,2016-06-22 02:04:42,
Muterra/py_loopa,2016-06-22 02:04:42,
osbzr/gooderp_addons,,
Integerous/goQuality-dev-contents,,
goreleaser/nfpm,2018-02-20 10:54:04,2018-12-21 20:08:30
jinzhu/gorm,2018-03-08 05:13:16,
DisposaBoy/GoSublime,2018-01-16 02:46:51,2019-07-04 23:59:33
asaskevich/govalidator,,
gpujs/gpu.js,,
artf/grapesjs,2017-10-03 00:04:28,2019-06-05 22:43:27
cult-of-coders/grapher,2017-12-11 09:39:48,
glennreyes/graphpack,,
graphql-compose/graphql-compose,2018-06-12 12:17:33,2019-02-14 22:56:37
digiaonline/graphql-php,2018-08-30 16:30:26,
maticzav/graphql-shield,2018-05-24 11:54:26,2019-04-19 23:31:27
SimonCropp/GraphQL.EntityFramework,2019-03-05 22:39:30,
getgrav/grav,2017-02-01 01:23:29,2019-07-05 00:11:34
subutai-io/documentation,2017-02-01 01:23:29,2019-07-05 00:11:34
mikecrittenden/savage-adulting,2017-02-01 01:23:29,2019-07-05 00:11:34
hibbitts-design/grav-skeleton-course-hub-site,2017-02-01 01:23:29,2019-07-05 00:11:34
hibbitts-design/grav-skeleton-workshop-demo-site,2017-02-01 01:23:29,2019-07-05 00:11:34
NIT-Hamirpur-NITH/glugWebsite,2017-02-01 01:23:29,2019-07-05 00:11:34
KalAbaddon/listd.k13.app,2017-02-01 01:23:29,2019-07-05 00:11:34
Code4Yokohama/code4.yokohama,2017-02-01 01:23:29,2019-07-05 00:11:34
greenshot/greenshot,,
gulpjs/gulp,2016-06-15 04:41:07,2019-02-05 09:51:47
haoxins/haoxins.github.io,2019-05-27 07:59:23,2019-06-11 06:51:44
RMax2015/forGL,2018-10-01 13:58:54,
health-direct/core,,
garetmckinley/hedron,,
helio-fm/helio-workstation,,
go-hep/hep,,
EYHN/hexo-helper-live2d,,
HamzaGhazouani/HGPlaceholders,,
hoaproject/Central,2018-02-15 10:52:41,
holyjs/holyjs,,
GDGToulouse/site-devfest-toulouse-2018,2018-01-26 01:38:32,
DACHFest/dachfest.com,2018-01-26 01:38:32,
GDG-Nantes/devfest2018,2018-01-26 01:38:32,
gdgzh/devfest18-website,2018-01-26 01:38:32,
LostInBrittany/DevFestBdM-2019,2018-01-26 01:38:32,
jantimon/html-webpack-plugin,2018-03-27 18:39:21,
ampedandwired/html-webpack-plugin,2018-03-27 18:39:21,
htmlhint/HTMLHint,,
yaniswang/HTMLHint,,
http4k/http4k,2018-09-01 16:09:27,
Humanitarian-AI/Microgrant-Fund,2018-07-07 22:53:09,
WebReflection/hyperHTML,2018-01-25 21:01:56,
WebReflection/hyperhtml,2018-01-25 21:01:56,
WebReflection/lightercollective,2018-01-25 21:01:56,
NickTikhonov/hyperterm-hyperline,,
ibuildio/ibuildio,,
idyll-lang/idyll,2017-09-27 04:55:50,2019-05-31 00:57:37
SixLabors/ImageSharp,2017-04-10 01:32:51,2019-06-05 23:21:24
SixLabors/ImageSharp.Web,2017-04-10 01:32:51,2019-06-05 23:21:24
weddingwire/imaginary,2017-01-27 05:02:21,2017-10-20 16:14:29
jeddict/jeddict,,
indieweb/wordpress-indieauth,2017-03-29 20:02:22,2019-06-09 17:00:38
iNDS-Team/iNDS,,
infernojs/inferno,2018-02-13 20:12:18,
regenhans/informebajolupa,,
infusionvlc/infusion,2018-09-05 12:36:36,
infusionvlc/ConexionFelina,2018-09-05 12:36:36,
infusionvlc/somnium_server,2018-09-05 12:36:36,
breuerfelix/instapy-gui,2019-01-12 05:35:57,2019-04-07 09:35:15
InstaPy/instapy-docker,2019-01-12 05:35:57,2019-04-07 09:35:15
huihut/interview,,
JaeYeopHan/Interview_Question_for_Beginner,,
ionide/ionide-vscode-fsharp,2019-01-31 10:55:02,
ionide/Forge,2019-01-31 10:55:02,
luin/ioredis,2018-09-10 18:00:59,
ipfs-search/ipfs-search,,
isomorphic-git/isomorphic-git,2018-05-15 14:27:52,2018-07-27 18:06:08
iview/iview,2018-07-01 22:40:00,
javascript-obfuscator/javascript-obfuscator,2017-06-02 08:44:38,2018-12-28 16:18:44
jeantimex/javascript-problems-and-solutions,,
rampatra/jbot,2018-09-25 15:12:31,2018-10-05 17:50:54
casbin/jcasbin,,
lalitv92/lalitv92.github.io,2018-07-31 10:49:15,2019-06-14 01:15:30
jellyfin/jellyfin,2019-02-07 00:23:11,2019-07-05 00:05:54
jerverless/jerverless,2019-01-30 12:09:35,2019-04-12 09:22:52
facebook/jest,,
shashkovdanil/clean-publish,,
walker89/button,2018-05-21 13:08:09,2019-05-31 00:48:03
smooth-code/jest-puppeteer,2018-09-26 11:52:09,2019-01-04 17:33:23
jingweno/jqplay,2017-05-01 17:13:53,2019-01-04 17:46:36
briangonzalez/jquery.adaptive-backgrounds.js,,
lingui/js-lingui,2018-09-01 04:43:35,
kucherenko/jscpd,2018-12-16 23:29:34,
jsonmvc/jsonmvc,2018-06-22 14:40:19,
wuseal/JsonToKotlinClass,,
cssinjs/jss,2017-06-05 17:41:05,2019-07-01 01:29:18
kitze/JSUI,2018-06-08 06:52:43,
jojoldu/junior-recruit-scheduler,,
davydovanton/kan,,
karafka/karafka,2019-05-06 13:14:09,
monounity/karma-typescript,,
skywind3000/kcp,,
keajs/kea,2017-10-18 06:52:13,
xesscorp/KiCost,2019-02-12 15:17:30,
kitspace/kitspace,2019-02-12 15:17:30,
kivy/python-for-android,2018-11-16 10:06:23,2019-03-01 16:12:22
kivy/pyjnius,2018-11-16 10:06:23,2019-03-01 16:12:22
kivy/buildozer,2018-11-16 10:06:23,2019-03-01 16:12:22
kivy/plyer,2018-11-16 10:06:23,2019-03-01 16:12:22
kivy/kivy-ios,2018-11-16 10:06:23,2019-03-01 16:12:22
kivy/pyobjus,2018-11-16 10:06:23,2019-03-01 16:12:22
idno/known,2019-01-24 08:47:33,2019-04-05 00:25:51
koajs/koa,2016-06-16 09:21:55,
demopark/koa-docs-Zh-CN,2016-06-16 09:21:55,
frontMoment/koa-analyze,2016-06-16 09:21:55,
phanan/koel,2016-07-10 00:12:12,2019-04-12 02:24:22
InsertKoinIO/koin,2018-12-12 13:23:54,
TheScripters/kpfw,2019-03-20 10:37:05,2019-03-20 10:37:15
democratech/LaPrimaire,2015-12-19 19:00:00,
democratech/legislatives.laprimaire.org,2015-12-19 19:00:00,
democratech/pages,2015-12-19 19:00:00,
democratech/LaPrimaireBot,2015-12-19 19:00:00,
scotch115/Website,2019-01-30 11:37:36,
guanhui07/tpackage,2018-05-31 04:33:42,
jellybobbin/laravel-admin,,
avored/laravel-ecommerce,,
sdli/scrum,,
teamtnt/laravel-scout-tntsearch-driver,2019-01-30 03:41:01,
saleem-hadad/larecipe,2019-03-14 04:02:11,2019-05-17 00:30:44
cagataycali/lazy,,
NEWBEE108/https-github.com-yuzhoujr-leetcode,,
NEWBEE108/leetcode_solutions,,
wang-shishuang/LeetCode-Algorithm,,
cxxxr/lem,2017-10-18 13:38:27,2018-12-21 19:47:43
ajaxtown/letterpad,,
letterpad/letterpad,,
Level/level,2018-01-25 10:03:28,
Level/level-js,2018-01-25 10:03:28,
Level/memdown,2018-01-25 10:03:28,
Level/awesome,2018-01-25 10:03:28,
Level/level-rocksdb,2018-01-25 10:03:28,
Level/abstract-leveldown,2018-01-25 10:03:28,
Level/rocksdb,2018-01-25 10:03:28,
Level/electron-demo,2018-01-25 10:03:28,
Level/subleveldown,2018-01-25 10:03:28,
Level/level-browserify,2018-01-25 10:03:28,
Level/leveljs.org,2018-01-25 10:03:28,
Level/level-hyper,2018-01-25 10:03:28,
Level/codec,2018-01-25 10:03:28,
Level/community,2018-01-25 10:03:28,
Level/encoding-down,2018-01-25 10:03:28,
Level/level-ws,2018-01-25 10:03:28,
Level/mem,2018-01-25 10:03:28,
Level/deferred-leveldown,2018-01-25 10:03:28,
Level/errors,2018-01-25 10:03:28,
Level/leveldown-hyper,2018-01-25 10:03:28,
Level/iterator-stream,2018-01-25 10:03:28,
Level/bench,2018-01-25 10:03:28,
Level/concat-iterator,2018-01-25 10:03:28,
Level/lazy-open,2018-01-25 10:03:28,
Level/webpack-starter,2018-01-25 10:03:28,
Level/compose,2018-01-25 10:03:28,
Level/browserify-starter,2018-01-25 10:03:28,
openvenues/libpostal,2016-08-09 22:49:30,
ymmah/libpostal,2016-08-09 22:49:30,
streamich/libreact,,
libremesh/lime-packages,2019-01-14 06:02:49,
aparcar/attendedsysupgrade-server,2019-01-14 06:02:49,
librenms/librenms,2017-06-07 05:34:49,2019-03-28 23:56:38
wikimedia/operations-software-librenms,2017-06-07 05:34:49,2019-03-28 23:56:38
LibreTime/libretime,,
lidarr/Lidarr,2018-05-27 21:49:51,2019-06-05 22:46:15
nodeschool/lima,2018-10-01 20:45:04,2019-05-17 02:15:05
abntex/limarka,,
steelbrain/linter,2018-01-12 15:55:37,
xiazeyu/live2d-widget.js,,
smooth-code/loadable-components,2019-04-22 11:58:55,
localstack/localstack,2017-09-20 16:02:33,
alxshelepenok/gatsby-starter-lumen,2019-04-14 15:13:23,
yoshimoto8/blog,2019-04-14 15:13:23,
simondlr/simondlr-lumen,2019-04-14 15:13:23,
SaraVieira/personal-website,2019-04-14 15:13:23,
anmonteiro/lumo,2017-05-01 13:23:16,2019-07-05 00:11:55
LeachZhou/lvyou,,
LWJGL/lwjgl3,2017-11-08 16:38:04,
Meituan-Dianping/lyrebird,,
punker76/MahApps.Metro.SimpleChildWindow,2018-05-11 06:08:47,2019-06-14 01:16:21
MahApps/MahApps.Metro,,
brandonseydel/MailChimp.Net,,
MajsoulPlus/majsoul-plus,,
staltz/manyverse,2018-09-25 09:36:25,2019-07-12 01:34:57
probablyup/markdown-to-jsx,2018-07-27 21:21:21,
Daemonite/material,2018-08-15 18:02:50,
BlackBoxVision/material-calendar-view,,
alexanmtz/material-sense,,
mui-org/material-ui,2017-03-26 13:18:24,2019-05-17 01:28:54
MaterialDesignInXAML/MaterialDesignInXamlToolkit,2019-05-07 16:47:55,
versatica/mediasoup,2019-02-26 10:27:52,
krissnawat/medium-clone-on-node,,
catfan/Medoo,,
sahat/megaboilerplate,2016-06-15 10:28:13,
aldeed/meteor-collection2,,
zodern/meteor-up,2017-09-08 13:34:33,2018-06-22 18:23:49
michiganpython/MiPEP,2018-05-23 09:37:37,2019-07-05 00:48:04
Midnight-Lizard/Midnight-Lizard,2018-11-01 06:08:11,2018-12-21 19:35:48
midori-rb/midori.rb,,
midwayjs/midway,,
500tech/mimic,,
mint-lang/mint,2019-02-23 18:21:25,
miscible/react-cam,,
MithrilJS/mithril.js,2019-01-29 11:21:54,
tankokai/Tankokai-MT,2019-01-29 11:21:54,
mobxjs/mst-gql,2016-11-21 16:44:06,2019-06-20 23:18:38
suprise/mobx-cn,2016-11-21 16:44:06,2019-06-20 23:18:38
alexander812/mobx-pack,2016-11-21 16:44:06,2019-06-20 23:18:38
foxhound87/mobx-react-form,2018-06-01 13:11:11,2019-03-15 01:29:03
danielskatz/sustaining-research-projects,2016-04-01 10:34:11,2019-03-01 16:09:16
mockk/mockk,2018-12-12 13:25:44,
vidalfi/Modular-Admin,2017-12-08 07:31:48,
kimarudg/modular-admin-html,,
moeoverflow/moeoverflow,2019-05-26 12:14:14,
OpenKitten/MongoKitten,2017-02-18 13:33:15,
omidfi/moro,,
albacoretuna/moro,,
KuangPF/mpvue-weui,,
chkr1011/MQTTnet,2019-03-13 16:13:03,
bluesven869/music-player,,
MvvmCross/MvvmCross,2017-04-25 08:51:57,2019-03-28 23:47:18
mybb/mybb,2018-03-28 17:14:27,
my-language-skills/simple-revision-cleaner,,
my-language-skills/all-in-one-metadata,,
my-language-skills/simple-metadata-news,,
my-language-skills/simple-metadata-lifecycle,,
my-language-skills/simple-removal-of-posted-images,,
my-language-skills/simple-clean-content,,
my-language-skills/translations-for-pressbooks,,
my-language-skills/simple-default-timezone,,
my-language-skills/extensions-for-pressbooks,,
my-language-skills/simple-metadata-annotation,,
my-language-skills/books4languages-book-child-theme-for-pressbooks,,
my-language-skills/simple-metadata,,
my-language-skills/simple-metadata-education,,
nannou-org/nannou,2019-05-16 20:10:41,
nanoframework/Home,2019-06-21 07:23:26,2019-07-05 00:21:08
720kb/ndm,,
mwd-huyquangngo/negotiated-market,,
nerves-project/nerves,2017-08-14 15:56:20,2019-05-17 00:46:06
sabondano/elixirconf-2018,2017-08-14 15:56:20,2019-05-17 00:46:06
nestjs/nest,,
nestjs/mongoose,,
afertil/nest-chat-api,2017-05-23 16:28:54,2019-06-14 01:30:26
samueleresca/Blog.NestGettingStarted,2017-05-23 16:28:54,2019-06-14 01:30:26
ComBarnea/nestjs-boilerplate,2017-05-23 16:28:54,2019-06-14 01:30:26
xavism/nestjs-generic-crud,2017-05-23 16:28:54,2019-06-14 01:30:26
loiane/nestjs-node-mongo-crud,2017-05-23 16:28:54,2019-06-14 01:30:26
fwoelffel/nestjs-starter,2017-05-23 16:28:54,2019-06-14 01:30:26
naimjeem/nestjs-mysql-crud-api,2017-05-23 16:28:54,2019-06-14 01:30:26
FaztWeb/nestjs-products-api,2017-05-23 16:28:54,2019-06-14 01:30:26
rubenCodeforges/ng-tutorial-blog-api,2017-05-23 16:28:54,2019-06-14 01:30:26
deboraornellas/nestjs-testing,2017-05-23 16:28:54,2019-06-14 01:30:26
xavism/nestjs-crud,2017-05-23 16:28:54,2019-06-14 01:30:26
IngAjVillalon/Nestjs_GCloud-App-Engine-Standard,2017-05-23 16:28:54,2019-06-14 01:30:26
dbratsun/olive-backend,2017-05-23 16:28:54,2019-06-14 01:30:26
2muchcoffeecom/nest-uploadfile-react,2017-05-23 16:28:54,2019-06-14 01:30:26
dmarg/employee-directory-nest,2017-05-23 16:28:54,2019-06-14 01:30:26
afertil/nest-rest-api,2017-05-23 16:28:54,2019-06-14 01:30:26
nestjsx/crud,2019-06-11 02:38:21,
anima-c/ng-alain,,
ng-packagr/ng-packagr,2018-12-28 14:12:22,
dbreuer/angular-pwa-workflow,2018-05-21 05:04:36,2018-06-08 19:14:03
ngrx/platform,2017-07-18 13:14:03,2019-03-08 16:17:48
RxJS-CN/ngrx-docs-cn,2017-07-18 13:14:03,2019-03-08 16:17:48
valor-software/ngx-bootstrap,2019-04-15 07:00:58,
orizens/ngx-infinite-scroll,2018-02-21 17:42:00,
JsDaddy/ngx-mask,,
matsumotory/ngx_mruby,2019-03-26 19:04:50,
ngxs/store,2018-04-07 22:12:47,2019-06-20 23:12:20
nightwatchjs/nightwatch-website-tests,2019-05-09 02:10:24,
plouc/nivo,2019-05-16 16:58:33,
noble/noble,2016-09-17 10:38:27,2017-03-03 13:12:41
sandeepmistry/noble,2016-09-17 10:38:27,2017-03-03 13:12:41
nock/nock,2018-04-27 15:33:16,2019-02-21 10:49:14
nock/welcome,2018-04-27 15:33:16,2019-02-21 10:49:14
node-cron/node-cron,2019-02-06 09:33:38,
db-migrate/node-db-migrate,2019-01-05 16:12:42,
truongsinh/node-evercookie,,
vinitkumar/node-twitter,,
oncletom/nodebook,2019-04-28 12:20:25,
dreamworld1101/nodemailer,2018-01-18 13:20:55,2019-05-09 21:08:58
remy/nodemon,2017-12-07 15:28:06,2018-12-21 19:40:15
LambdaSchool/Getting-Started,2017-12-07 15:28:06,2018-12-21 19:40:15
notadd/notadd,,
5argon/NotchSolution,,
nrepl/nrepl,2019-03-01 03:27:55,
NServiceBusExtensions/NServiceBus.Serilog,2018-11-26 21:06:41,
NServiceBusExtensions/Newtonsoft.Json.Encryption,2018-11-26 21:06:41,
NServiceBusExtensions/NServiceBus.ZeroFormatter,2018-11-26 21:06:41,
NServiceBusExtensions/NServiceBus.ProtoBufNet,2018-11-26 21:06:41,
NServiceBusExtensions/Home,2018-11-26 21:06:41,
NServiceBusExtensions/NServiceBus.Wire,2018-11-26 21:06:41,
NServiceBusExtensions/NServiceBus.Attachments,2018-11-26 21:06:41,
NServiceBusExtensions/NServiceBus.HandlerOrdering,2018-11-26 21:06:41,
NServiceBusExtensions/NServiceBus.Jil,2018-11-26 21:06:41,
NServiceBusExtensions/NServiceBus.Bond,2018-11-26 21:06:41,
NServiceBusExtensions/NServiceBus.MicrosoftLogging,2018-11-26 21:06:41,
NServiceBusExtensions/NServiceBus.Utf8Json,2018-11-26 21:06:41,
NServiceBusExtensions/NServiceBus.ApprovalTests,2018-11-26 21:06:41,
NServiceBusExtensions/NServiceBus.MsgPack,2018-11-26 21:06:41,
NServiceBusExtensions/NServiceBus.ProtoBufGoogle,2018-11-26 21:06:41,
NServiceBusExtensions/NServiceBus.MessagePack,2018-11-26 21:06:41,
NServiceBusExtensions/NServiceBus.Native,2018-11-26 21:06:41,
NServiceBusExtensions/NServiceBus.Validation,2018-11-26 21:06:41,
NServiceBusExtensions/NServiceBus.Hyperion,2018-11-26 21:06:41,
NServiceBusExtensions/NServiceBus.AuditFilter,2018-11-26 21:06:41,
nuke-build/nuke,2019-03-13 17:45:39,
nusmodifications/nusmods,2018-08-26 13:50:14,2019-05-03 00:47:23
nutzam/nutz,,
Wizzercn/NutzWk,,
nuxt/nuxt.js,2017-05-11 08:54:17,2019-07-05 00:28:07
nuxt/opencollective,2017-05-11 08:54:17,2019-07-05 00:28:07
she110ff/nuxt-vuetify-graphql-mongoDB,2017-05-11 08:54:17,2019-07-05 00:28:07
octobox/octobox,,
thomasjjordan/octobox-notifications,2017-01-16 06:26:19,2019-07-05 00:15:37
zooter68/OctoLinky,2017-08-13 15:58:49,2017-11-17 18:41:53
linyows/octopass,,
ahmadawais/hacktoberfest,2017-03-15 14:30:43,
lokiengineering/odrerir-app,,
NekR/offline-plugin,2017-03-24 09:15:22,2019-05-03 00:33:54
OI-wiki/OI-wiki,,
academic/vipa,,
opal/opal,2018-11-04 19:34:45,
open-falcon/book,,
APIs-guru/openapi-directory,2018-02-20 11:00:51,2018-11-03 15:24:24
Mermade/oas-kit,2018-02-20 11:00:51,2018-11-03 15:24:24
opencollective/documentation,2015-12-14 17:09:10,2019-07-09 07:41:04
openemr/openemr,2017-11-08 08:27:36,
openfarmcc/OpenFarm,2016-06-16 13:40:07,2016-06-20 18:45:11
openfoodfacts/openfoodfacts-server,2019-02-08 13:37:56,2019-06-01 01:18:50
openintents/filemanager,,
openintents/calendar-sync,,
jscad/OpenJSCAD.org,2017-10-27 08:39:58,
opensourcediversity/opensourcediversity.org,2018-08-16 05:01:24,
standards/meta,,
openstf/stf,2019-06-28 02:17:04,
z56402344/stfGroup,2019-06-28 02:17:04,
openulmus/openulmus.org,2017-11-16 10:54:46,
OpenVidu/openvidu,2019-03-11 12:30:15,
OpenVidu/openvidu-tutorials,,
openwhyd/openwhyd,2017-05-10 10:35:37,2019-05-17 00:35:42
openwhyd/openwhyd-react,2017-05-10 10:35:37,2019-05-17 00:35:42
OperationCode/operationcode_old_site,,
OperationCode/operationcode_slashbot,2017-07-18 16:33:21,2018-12-08 14:07:31
opsdroid/opsdroid,,
apicra/devops,2018-01-23 04:50:11,2018-09-28 18:00:49
ironmussa/Optimus,,
JavaEden/Orchid,,
oscommunityafrica/docs,2019-02-22 08:19:18,2019-03-18 13:08:38
petrk94/ownhealthrecord,,
patrikx3/onenote,,
pact-foundation/pact-ruby,2018-05-18 05:44:21,
panda3d/panda3d,2019-02-27 14:41:06,2019-07-05 00:21:01
parcel-bundler/parcel,2017-12-12 00:31:13,2019-06-27 23:07:53
xDae/styled-bootstrap,2017-12-12 00:31:13,2019-06-27 23:07:53
parse-community/parse-server,,
parse-community/parse-dashboard,,
parse-community/Parse-SDK-iOS-OSX,,
parse-community/parse-server-example,,
parse-community/Parse-SDK-Android,,
parse-community/Parse-SDK-JS,,
parse-community/parse-php-sdk,,
parse-community/ParseUI-Android,,
parse-community/docs,,
parse-community/Parse-SDK-dotNET,,
parse-community/ParseLiveQuery-iOS-OSX,,
parse-community/parse-cli,,
parse-community/ParseFacebookUtils-iOS,,
parse-community/Parse-SDK-Arduino,,
parse-community/ParseTwitterUtils-Android,,
parse-community/blog,,
parse-community/parse-community.github.io,,
DevOpsTerminal/frontend,2017-07-04 06:31:05,2019-06-27 22:15:27
soapdog/patchfox,2019-06-11 22:20:10,
peachcloud/meta,2019-02-06 19:22:21,
peers/peerjs,2018-08-08 10:50:59,2019-06-27 23:25:56
Zizzamia/perfume.js,,
phalcon/cphalcon,2017-03-27 15:12:02,2019-07-05 00:11:58
zephir-lang/zephir-vscode,,
phenomic/phenomic,2016-12-14 13:27:49,2019-05-31 01:04:39
MoOx/phenomic,2016-12-14 13:27:49,2019-05-31 01:04:39
rampatra/photography,,
php-casbin/php-casbin,,
jimmiw/php-time-ago,,
PiranhaCMS/piranha.core,2019-03-29 08:24:18,2019-06-14 01:27:01
ushahidi/platform,,
slimkit/plus,,
pnpm/pnpm,2018-10-12 06:46:19,2019-05-24 17:16:11
PokeAPI/pokeapi,2019-07-10 18:53:14,
burtonator/polar-bookshelf,2018-10-29 17:56:27,2019-05-31 00:57:39
styled-components/polished,2019-04-26 09:03:56,
flosch/pongo2,,
Actinium-project/ln-plugin-pony,2018-09-18 16:11:02,2019-06-20 23:09:41
popcorn-nantes/popcorn-nantes,2019-03-18 07:16:14,
popcorn-nantes/popcorn-starter,2019-03-18 07:16:14,
fekr/postagga,,
Paxa/postbird,,
preactjs/preact,2016-11-29 16:13:55,2019-05-31 01:00:33
developit/preact,2016-11-29 16:13:55,2019-05-31 01:00:33
sventschui/preact-ssr-prepass,2016-11-29 16:13:55,2019-05-31 01:00:33
projectM-visualizer/projectm,2018-12-14 19:12:08,
etewiah/property_web_builder,2017-12-19 20:53:15,
RealEstateWebTools/property_web_scraper,2017-12-19 20:53:15,
etewiah/pwb-themes-base,2017-12-19 20:53:15,
opencollective/opencollective,,
GetPublii/Publii,2018-07-07 01:57:51,
jadejs/jade,2017-04-01 15:29:10,2019-02-05 09:50:12
PumpkinDB/PumpkinDB,2017-03-12 16:00:51,2017-06-02 14:23:54
kblok/puppeteer-sharp,2019-02-01 17:00:33,
casbin/pycasbin,,
QubesOS/qubesos.github.io,2016-11-21 14:22:13,2019-06-27 23:16:40
kanryu/quickviewer,,
Radarr/Radarr,2018-03-19 17:56:07,
RagtagOpen/bidwire,2017-02-10 17:36:58,2018-01-09 19:50:41
char0n/ramda-adjunct,,
terkelg/ramme,,
Sly777/ran,,
activerecord-hackery/ransack,2018-11-20 17:54:20,2019-06-14 01:18:15
rbytr/rbytr,,
securingsincity/react-ace,2017-05-26 15:00:58,
kriasoft/react-app,,
react-boilerplate/react-boilerplate,2016-05-27 16:37:47,2019-07-01 01:06:00
silentcicero/react-dapp-boilerplate,2016-05-27 16:37:47,2019-07-01 01:06:00
SilentCicero/react-dapp-boilerplate,2016-05-27 16:37:47,2019-07-01 01:06:00
Dattaya/react-boilerplate-object,2016-05-27 16:37:47,2019-07-01 01:06:00
draftapps/frontend,2016-05-27 16:37:47,2019-07-01 01:06:00
grommet/grommet-react-boilerplate,2016-05-27 16:37:47,2019-07-01 01:06:00
joehua87/redux-crud-example,2016-05-27 16:37:47,2019-07-01 01:06:00
andykenward/react-boilerplate-no-router,2016-05-27 16:37:47,2019-07-01 01:06:00
club-react/react-boilerplate-material-ui,2016-05-27 16:37:47,2019-07-01 01:06:00
chaddoy/react-antd-boilerplate,2016-05-27 16:37:47,2019-07-01 01:06:00
kondoSoft/react-car-rental,2016-05-27 16:37:47,2019-07-01 01:06:00
adl1995/4chan-react-clone,2016-05-27 16:37:47,2019-07-01 01:06:00
WeiFei365/react-boilerplate-3.5.0,2016-05-27 16:37:47,2019-07-01 01:06:00
sean-stanley/dndCombat,2016-05-27 16:37:47,2019-07-01 01:06:00
damaera/produktif,2016-05-27 16:37:47,2019-07-01 01:06:00
BeautifulTrouble/beautifulrising-client,2016-05-27 16:37:47,2019-07-01 01:06:00
bitriddler/react-tutorials,2016-05-27 16:37:47,2019-07-01 01:06:00
boogunote/mevoco-client,2016-05-27 16:37:47,2019-07-01 01:06:00
jfairbank/_redux-saga-router_5,2016-05-27 16:37:47,2019-07-01 01:06:00
luuquangminh/google_book_react_redux_saga,2016-05-27 16:37:47,2019-07-01 01:06:00
foodbutton/website-react,2016-05-27 16:37:47,2019-07-01 01:06:00
dcarneiro/my-react-boilerplate,2016-05-27 16:37:47,2019-07-01 01:06:00
haf/optimistic,2016-05-27 16:37:47,2019-07-01 01:06:00
schnelleio/redux-saga-offline-images,2016-05-27 16:37:47,2019-07-01 01:06:00
JumpLao/react-boilerplate-antd,2016-05-27 16:37:47,2019-07-01 01:06:00
wojtekmaj/react-calendar,,
ReactExpert/react-calendar-master,,
wojtekmaj/react-date-picker,2018-10-27 14:09:21,
react-dropzone/react-dropzone,2018-02-26 08:13:39,
kriasoft/react-firebase-starter,2016-05-03 12:50:29,2017-08-11 13:36:33
kriasoft/react-static-boilerplate,2016-05-03 12:50:29,2017-08-11 13:36:33
gaearon/react-hot-loader,2018-03-03 05:59:44,2018-09-21 19:00:03
mohitk05/react-insta-stories,,
wojtekmaj/react-lifecycle-methods-diagram,,
react-native-community/react-native-camera,2017-05-26 12:36:34,2018-11-23 21:54:06
jhen0409/react-native-debugger,2018-01-23 03:22:04,
react-native-training/react-native-elements,2017-04-16 03:36:50,2019-04-26 04:59:29
invertase/react-native-firebase,2017-11-14 09:08:58,2019-06-28 05:33:37
invertase/react-native-firebase-starter,2017-11-14 09:08:58,2019-06-28 05:33:37
invertase/denque,2017-11-14 09:08:58,2019-06-28 05:33:37
invertase/react-native-gradle-plugin,2017-11-14 09:08:58,2019-06-28 05:33:37
invertase/sails-firebase-auth,2017-11-14 09:08:58,2019-06-28 05:33:37
invertase/firebase-firestore-fields,2017-11-14 09:08:58,2019-06-28 05:33:37
invertase/puppeteer-pool,2017-11-14 09:08:58,2019-06-28 05:33:37
getdersim/mobil,2017-11-14 09:08:58,2019-06-28 05:33:37
hd4niel/spektrumapp,2017-11-14 09:08:58,2019-06-28 05:33:37
benjefferies/nanotifyapp,2017-11-14 09:08:58,2019-06-28 05:33:37
invertase/docker-react-native-firebase-android,2017-11-14 09:08:58,2019-06-28 05:33:37
dooboolab/react-native-iap,,
eraydemirok/react-native-iap-248,2018-08-13 12:14:47,
ivpusic/react-native-image-crop-picker,2017-09-27 20:02:41,2017-10-06 12:55:06
PowerMobileWeb/react-native-image-crop-picker,2017-09-27 20:02:41,2017-10-06 12:55:06
wwx193433/react-native-beauti-image-picker,2017-09-27 20:02:41,2017-10-06 12:55:06
brh55/react-native-masonry,,
moaazsidat/react-native-qrcode-scanner,,
idibidiart/react-native-responsive-grid,,
aksonov/react-native-router-flux,2017-07-11 04:02:22,
sunnylqm/react-native-storage,,
diegomura/react-pdf,2017-06-06 13:11:19,2019-04-05 00:24:17
wojtekmaj/react-pdf,2019-06-20 15:51:44,
energydrink9/react-popper-dropdown,,
Atyantik/react-pwa,2017-10-17 22:13:38,2019-02-07 22:26:05
Atyantik/pawjs,2017-10-17 22:13:38,2019-02-07 22:26:05
Atyantik/example-pawjs-redux,,
Atyantik/example-pawjs-material-ui,,
Atyantik/example-pawjs-semantic-ui,,
Atyantik/example-pawjs-ant-design,,
Atyantik/example-pawjs-tailwind,,
Atyantik/example-pawjs-redux-saga,,
Atyantik/example-pawjs-auth,,
Atyantik/example-pawjs-social-auth,,
Atyantik/example-pawjs-sass,,
prescottprue/react-redux-firebase,2017-07-21 17:35:12,2018-12-21 19:47:00
WebStudio523/react-redux-firebase-typescript-css-js,2017-07-21 17:35:12,2018-12-21 19:47:00
akiran/react-slick,2018-11-14 20:21:51,2019-06-14 11:38:55
react-spring/react-spring,2018-07-20 16:10:15,2019-05-24 01:16:59
drcmda/react-spring,2018-07-20 16:10:15,2019-05-24 01:16:59
Whippyt/WhippytWebsite,,
sebischair/amelietor,,
boopathi/react-svg-loader,,
guiqui/react-timeline-gantt,,
guiqui/react-flow,,
bvaughn/react-virtualized,2016-06-22 20:00:34,2017-04-28 13:03:04
reactabular/reactabular,2017-05-01 19:30:34,
reactiveui/ReactiveUI,2017-03-21 15:08:37,2019-03-10 20:17:29
reactiveui/Akavache,2017-03-21 15:08:37,2019-03-10 20:17:29
reactiveui/splat,2017-03-21 15:08:37,2019-03-10 20:17:29
reactiveui/punchclock,2017-03-21 15:08:37,2019-03-10 20:17:29
reactiveui/Pharmacist,2017-03-21 15:08:37,2019-03-10 20:17:29
reactiveui/Sextant,2017-03-21 15:08:37,2019-03-10 20:17:29
dotnet/reactive,,
ken107/read-aloud,,
karantin2020/readline,2016-02-28 12:18:31,
reakit/reakit,2018-09-24 04:13:46,
oxequa/realize,,
PyCQA/redbaron,2018-10-17 11:57:30,2019-03-01 15:45:31
PyCQA/baron,2018-10-17 11:57:30,2019-03-01 15:45:31
udleinati/redirect.center,,
cult-of-coders/redis-oplog,2017-11-21 11:04:54,
redom/redom,2018-03-05 04:31:25,
zalmoxisus/redux-devtools-extension,2016-11-03 11:52:23,2018-12-21 19:40:03
prescottprue/redux-firebase,,
dimitri-a/fieldarray_sample,2018-11-21 02:45:21,
dimitri-a/redux-form-dispatch-error,2018-11-21 02:45:21,
camsong/redux-in-chinese,,
redux-saga/redux-saga,2017-01-02 18:47:36,2018-02-06 12:25:07
joelbarbosa/redux-saga-pt_BR,2017-01-02 18:47:36,2018-02-06 12:25:07
js-ru/redux-saga-ru,2017-01-02 18:47:36,2018-02-06 12:25:07
reixs/reixs,,
relax/relax,2016-12-17 13:08:52,2017-12-15 14:53:27
pavjacko/renative,,
w3c/respec,,
JKHeadley/rest-hapi,,
Jurabek/Restaurant-App,,
restfb/restfb,,
saadq/resumake.io,,
revery-ui/revery,2017-11-09 15:31:44,2019-07-01 01:31:34
reviewdog/reviewdog,2019-04-22 02:09:49,
juliatashiro/riot,2017-04-14 10:13:50,2019-02-07 22:32:26
dhowe/RiTa,,
jamesmfriedman/rmwc,2018-09-10 03:05:41,
uxpin-merge/rmwc-merge,2018-09-10 03:05:41,
pikapkg/web,2018-01-11 20:29:15,2019-06-14 01:19:23
rom-rb/rom,2017-05-15 13:44:54,
rsuite/rsuite,,
zhupingqi/RuiJi.Net,2018-08-01 19:11:18,
svartalf/rust-battery,2019-06-04 03:57:59,
rvm/ubuntu_rvm,2019-01-07 13:21:09,
saberland/saber,,
DaDlugosch/u2,2017-11-28 12:36:30,2019-05-03 01:03:21
sahat/satellizer,2016-07-28 22:00:19,
jbeard4/SCION,2018-06-11 17:34:31,2018-10-18 02:28:42
sdkman/sdkman-db-migrations,2019-04-25 16:45:45,2019-07-02 04:16:45
xdamman/selection-sharer,,
serialport/node-serialport,2019-05-04 22:46:20,
twolfson/sexy-bash-prompt,2018-02-10 13:01:35,
alexjlockwood/ShapeShifter,2017-10-25 20:49:54,
badges/shields,2017-12-02 05:59:33,2019-06-27 23:11:41
selmanozturk/Scoin4You,2017-12-02 05:59:33,2019-06-27 23:11:41
kikeex/GraphQL-Sequelize-Mysql-example,2017-12-02 05:59:33,2019-06-27 23:11:41
badges/daily-tests,2017-12-02 05:59:33,2019-06-27 23:11:41
SciSharp/SiaNet,,
mohiva/play-silhouette,2016-07-16 22:34:21,2018-11-16 15:14:36
minutemen/silhouette,2016-07-16 22:34:21,2018-11-16 15:14:36
minutemen/silhouette-akka-http,2016-07-16 22:34:21,2018-11-16 15:14:36
simplcommerce/SimplCommerce,,
aldeed/simple-schema-js,2018-04-11 18:13:03,
aldeed/node-simple-schema,2018-04-11 18:13:03,
newpanjing/simpleui,,
CanopyTax/single-spa,,
sinonjs/nise,2017-02-10 12:17:11,2018-06-01 20:20:54
sinonjs/formatio,2017-02-10 12:17:11,2018-06-01 20:20:54
sinonjs/referee,2017-02-10 12:17:11,2018-06-01 20:20:54
sinonjs/samsam,2017-02-10 12:17:11,2018-06-01 20:20:54
sinonjs/referee-sinon,2017-02-10 12:17:11,2018-06-01 20:20:54
sit-fyi/sit,2018-09-28 13:57:39,2019-07-01 01:06:20
mateeyow/sizzy-docker,2017-04-30 02:47:36,
skatejs/skatejs,2017-02-03 00:27:43,2019-07-02 07:59:15
yiom/sketchpad,,
social-manager-tools/socialmanagertools-igbot,,
social-manager-tools/socialmanagertools-gui,,
social-manager-tools/socialmanagertools-docs,,
social-manager-tools/socialmanagertools-twbot,,
social-manager-tools/socialmanagertools-fbbot,,
LearnBoost/socket.io,2017-05-09 02:56:43,2019-06-20 23:23:08
gautamkrishnar/socli,,
solidusio/solidus,2019-01-16 11:54:06,
sous-chefs/nginx,2018-10-13 12:53:55,2019-04-12 02:23:39
sous-chefs/java,2018-10-13 12:53:55,2019-04-12 02:23:39
sous-chefs/ruby_rbenv,2018-10-13 12:53:55,2019-04-12 02:23:39
sous-chefs/mysql,2018-10-13 12:53:55,2019-04-12 02:23:39
sous-chefs/postgresql,2018-10-13 12:53:55,2019-04-12 02:23:39
sous-chefs/php,2018-10-13 12:53:55,2019-04-12 02:23:39
sous-chefs/redisio,2018-10-13 12:53:55,2019-04-12 02:23:39
sous-chefs/apache2,2018-10-13 12:53:55,2019-04-12 02:23:39
sous-chefs/consul,2018-10-13 12:53:55,2019-04-12 02:23:39
sous-chefs/graphite,2018-10-13 12:53:55,2019-04-12 02:23:39
sous-chefs/haproxy,2018-10-13 12:53:55,2019-04-12 02:23:39
sous-chefs/nagios,2018-10-13 12:53:55,2019-04-12 02:23:39
sous-chefs/ruby_build,2018-10-13 12:53:55,2019-04-12 02:23:39
sous-chefs/percona,2018-10-13 12:53:55,2019-04-12 02:23:39
sous-chefs/openvpn,2018-10-13 12:53:55,2019-04-12 02:23:39
sous-chefs/kafka,2018-10-13 12:53:55,2019-04-12 02:23:39
sous-chefs/SublimeChef,2018-10-13 12:53:55,2019-04-12 02:23:39
sous-chefs/line,2018-10-13 12:53:55,2019-04-12 02:23:39
sous-chefs/mongodb,2018-10-13 12:53:55,2019-04-12 02:23:39
sous-chefs/grafana,2018-10-13 12:53:55,2019-04-12 02:23:39
sous-chefs/varnish,2018-10-13 12:53:55,2019-04-12 02:23:39
sous-chefs/vagrant,2018-10-13 12:53:55,2019-04-12 02:23:39
sous-chefs/rundeck,2018-10-13 12:53:55,2019-04-12 02:23:39
sous-chefs/ossec,2018-10-13 12:53:55,2019-04-12 02:23:39
sous-chefs/confluence,2018-10-13 12:53:55,2019-04-12 02:23:39
sous-chefs/mariadb,2018-10-13 12:53:55,2019-04-12 02:23:39
sous-chefs/vault,2018-10-13 12:53:55,2019-04-12 02:23:39
sous-chefs/passenger_apache2,2018-10-13 12:53:55,2019-04-12 02:23:39
sous-chefs/aptly,2018-10-13 12:53:55,2019-04-12 02:23:39
sous-chefs/samba,2018-10-13 12:53:55,2019-04-12 02:23:39
sous-chefs/squid,2018-10-13 12:53:55,2019-04-12 02:23:39
sous-chefs/keepalived,2018-10-13 12:53:55,2019-04-12 02:23:39
sous-chefs/nrpe,2018-10-13 12:53:55,2019-04-12 02:23:39
sous-chefs/dhcp,2018-10-13 12:53:55,2019-04-12 02:23:39
sous-chefs/snort,2018-10-13 12:53:55,2019-04-12 02:23:39
sous-chefs/filesystem,2018-10-13 12:53:55,2019-04-12 02:23:39
sous-chefs/selinux_policy,2018-10-13 12:53:55,2019-04-12 02:23:39
sous-chefs/language-chef,2018-10-13 12:53:55,2019-04-12 02:23:39
sous-chefs/chef-stunnel,2018-10-13 12:53:55,2019-04-12 02:23:39
sous-chefs/reprepro,2018-10-13 12:53:55,2019-04-12 02:23:39
sous-chefs/terraform-github-org,2018-10-13 12:53:55,2019-04-12 02:23:39
sous-chefs/smartmontools,2018-10-13 12:53:55,2019-04-12 02:23:39
sous-chefs/gpg,2018-10-13 12:53:55,2019-04-12 02:23:39
sous-chefs/unbound,2018-10-13 12:53:55,2019-04-12 02:23:39
sous-chefs/dnsmasq,2018-10-13 12:53:55,2019-04-12 02:23:39
sous-chefs/zabbix-agent,2018-10-13 12:53:55,2019-04-12 02:23:39
sous-chefs/nginx_simplecgi,2018-10-13 12:53:55,2019-04-12 02:23:39
sous-chefs/atom,2018-10-13 12:53:55,2019-04-12 02:23:39
sous-chefs/winrm,2018-10-13 12:53:55,2019-04-12 02:23:39
sous-chefs/chef-appveyor-ci,2018-10-13 12:53:55,2019-04-12 02:23:39
sous-chefs/website,2018-10-13 12:53:55,2019-04-12 02:23:39
sous-chefs/sensors,2018-10-13 12:53:55,2019-04-12 02:23:39
sous-chefs/control_groups,2018-10-13 12:53:55,2019-04-12 02:23:39
sous-chefs/nano,2018-10-13 12:53:55,2019-04-12 02:23:39
sous-chefs/kismet,2018-10-13 12:53:55,2019-04-12 02:23:39
sous-chefs/npm_lazy,2018-10-13 12:53:55,2019-04-12 02:23:39
sous-chefs/nexus,2018-10-13 12:53:55,2019-04-12 02:23:39
sous-chefs/vscode,2018-10-13 12:53:55,2019-04-12 02:23:39
sous-chefs/bsdcpio,2018-10-13 12:53:55,2019-04-12 02:23:39
sous-chefs/pulledpork,2018-10-13 12:53:55,2019-04-12 02:23:39
sous-chefs/repo-management,2018-10-13 12:53:55,2019-04-12 02:23:39
sous-chefs/sc-chruby,2018-10-13 12:53:55,2019-04-12 02:23:39
liuchengxu/space-vim,,
SpaceVim/SpaceVim,2019-06-14 15:29:28,
speedtracker/speedtracker,,
warecrer/SPLIT,2017-02-24 19:38:45,2018-08-01 13:18:04
nathancahill/split,2018-01-16 12:29:08,
nathancahill/Split.js,2018-01-16 12:29:08,
spyder-ide/spyder,2017-11-20 17:26:47,2019-06-14 01:15:39
spyder-ide/qtpy,2017-11-20 17:26:47,2019-06-14 01:15:39
spyder-ide/spyder-notebook,2017-11-20 17:26:47,2019-06-14 01:15:39
spyder-ide/spyder-vim,2017-11-20 17:26:47,2019-06-14 01:15:39
spyder-ide/qtsass,2017-11-20 17:26:47,2019-06-14 01:15:39
spyder-ide/pywinpty,2017-11-20 17:26:47,2019-06-14 01:15:39
spyder-ide/spyder-unittest,2017-11-20 17:26:47,2019-06-14 01:15:39
spyder-ide/website-spyder,2017-11-20 17:26:47,2019-06-14 01:15:39
spyder-ide/spyder-docs,2017-11-20 17:26:47,2019-06-14 01:15:39
spyder-ide/spyder-plugin-cookiecutter,2017-11-20 17:26:47,2019-06-14 01:15:39
spyder-ide/lektor-icon,2017-11-20 17:26:47,2019-06-14 01:15:39
spyder-ide/gettext-helpers,2017-11-20 17:26:47,2019-06-14 01:15:39
hrtemel/sqlex,,
gliderlabs/ssh,2017-11-03 16:14:08,
tg123/sshpiper,,
RichardLitt/standard-readme,,
bionicvapourboy/EDSHIPYARD,,
easystatic/easystatic,,
nh2/static-haskell-nix,2019-06-18 06:58:29,
ericalli/static-site-boilerplate,2019-01-28 05:25:53,
bazzite/statusfy,2019-02-12 08:25:31,2019-06-27 22:15:01
aloneguid/storage,,
storybookjs/storybook,2017-06-10 13:17:33,2019-03-29 00:07:29
storybooks/storybook-package,2017-06-10 13:17:33,2019-03-29 00:07:29
infinitered/addon-storyshots,2017-06-10 13:17:33,2019-03-29 00:07:29
strapi/strapi,2018-05-25 15:29:12,2018-06-08 18:34:19
streamlink/streamlink,2017-09-15 12:52:41,2018-10-25 23:10:53
amurzeau/streamlink-debian,2017-09-15 12:52:41,2018-10-25 23:10:53
streetmix/streetmix,2016-09-20 11:00:20,2018-12-09 02:21:58
Strider-CD/strider,2017-05-15 11:24:25,
styled-components/styled-components,2018-02-07 06:25:37,2019-02-07 15:57:14
jacobwgillespie/styled-icons,2018-12-21 15:17:45,
styleguidist/react-styleguidist,2018-01-23 09:29:46,2019-02-07 22:40:55
vsmith42/styleguide,,
stylelint/stylelint,2018-04-10 14:55:24,2019-05-24 01:02:25
kins299/sub,,
sunrise-choir/meta,2019-02-07 00:36:31,
smooth-code/svgr,2018-09-26 10:08:30,2019-01-04 17:33:35
swaggo/swag,2019-03-15 14:36:49,
swc-project/swc,2019-02-12 10:24:57,
swoole/swoole-src,,
huanghantao/swoole-src-analysis,,
peraltawave/newsimage-react-app,,
peraltawave/newsimage-react-app-006,,
mfuentesg/SyncSettings,2019-02-14 03:29:35,
crazychicken/t-scroll,2017-06-21 10:46:52,
tabler/tabler,2018-08-29 18:57:31,
tabulapdf/tabula,2016-04-25 10:42:04,
tabulapdf/tabula-java,2016-04-25 10:42:04,
redmyers/484_P7_1-GUI,2016-04-25 10:42:04,
Tanibox/tania-core,,
NervJS/taro,,
go-task/task,2018-04-23 11:30:55,2019-03-15 01:23:29
yangshun/tech-interview-handbook,,
tellform/tellform,2017-04-03 15:20:49,2017-09-15 13:59:01
tenancy/tenancy,2018-02-15 07:39:46,2019-04-19 00:37:46
tenancy/framework,2018-02-15 07:39:46,2019-04-19 00:37:46
tenancy/multi-tenant,,
tessel/project,2016-06-22 15:06:36,2018-11-16 15:08:53
testing-library/testing-library-docs,2019-04-25 18:21:32,
sgm4231/lianquan,,
thpatch/thcrap,2018-12-03 20:02:29,
xdamman/tipbox,2015-01-23 00:00:00,2016-03-17 20:00:00
oncletom/tld.js,,
teamtnt/tntsearch,2018-07-12 14:13:41,
togglz/togglz,2017-07-08 13:25:39,2018-02-23 16:03:20
tomatoes-app/tomatoes,,
torchgan/torchgan,,
trailsjs/trails,2017-03-01 01:00:51,2018-11-23 22:19:39
stegano/transformium,,
pandabrand/acantrell-trellis,2017-11-30 12:29:47,2019-05-02 10:05:07
Brooooooklyn/ts-import-plugin,,
TypedProject/ts-express-decorators,2018-03-14 09:56:31,
romakita/ts-express-decorators,2018-03-14 09:56:31,
libts/tslib,,
Turfjs/turf,2018-03-01 17:17:27,2018-04-06 17:23:09
tuskyapp/Tusky,2019-02-01 10:06:01,2019-06-20 23:09:33
seyhunak/twitter-bootstrap-rails,,
coppolaf/tb3-rails5,2017-03-24 11:36:59,
19majkel94/type-graphql,2019-03-18 06:25:04,
19majkel94/typegraphql-reflection-poc,2019-03-18 06:25:04,
typeorm/typeorm,2017-10-11 16:49:41,2019-02-20 07:33:22
asciphx/TypeScript-ele-admin,2017-10-11 16:49:41,2019-02-20 07:33:22
nobrainr/typescript-webpack-starter,,
ua-parser/uap-core,2019-03-03 18:05:07,
ubiety/Ubiety.Xmpp.Core,,
ubiety/Ubiety.Scram.Core,,
ubiety/Ubiety.StyleCop,,
alibaba/uform,,
LasseRafn/ui-avatars,2019-05-02 04:27:25,
LasseRafn/php-initial-avatar-generator,,
CrackerakiUA/ui-cropper,,
ntmuigrid/ntmuigrid,2016-09-15 20:07:15,
wxsms/uiv,,
umijs/umi,,
mdx-js/mdx,2018-11-09 20:14:26,2019-07-05 00:31:04
remarkjs/remark,2018-11-09 20:14:26,2019-07-05 00:31:04
retextjs/retext,2018-11-09 20:14:26,2019-07-05 00:31:04
unifiedjs/unified,2018-11-09 20:14:26,2019-07-05 00:31:04
remarkjs/remark-lint,2018-11-09 20:14:26,2019-07-05 00:31:04
rehypejs/rehype,2018-11-09 20:14:26,2019-07-05 00:31:04
remarkjs/remark-react,2018-11-09 20:14:26,2019-07-05 00:31:04
vfile/vfile,2018-11-09 20:14:26,2019-07-05 00:31:04
retextjs/retext-keywords,2018-11-09 20:14:26,2019-07-05 00:31:04
micromark/micromark,2018-11-09 20:14:26,2019-07-05 00:31:04
retextjs/retext-sentiment,2018-11-09 20:14:26,2019-07-05 00:31:04
remarkjs/remark-toc,2018-11-09 20:14:26,2019-07-05 00:31:04
retextjs/retext-simplify,2018-11-09 20:14:26,2019-07-05 00:31:04
remarkjs/remark-man,2018-11-09 20:14:26,2019-07-05 00:31:04
remarkjs/remark-html,2018-11-09 20:14:26,2019-07-05 00:31:04
retextjs/retext-equality,2018-11-09 20:14:26,2019-07-05 00:31:04
remarkjs/remark-github,2018-11-09 20:14:26,2019-07-05 00:31:04
syntax-tree/unist-util-visit,2018-11-09 20:14:26,2019-07-05 00:31:04
remarkjs/strip-markdown,2018-11-09 20:14:26,2019-07-05 00:31:04
syntax-tree/hastscript,2018-11-09 20:14:26,2019-07-05 00:31:04
remarkjs/remark-validate-links,2018-11-09 20:14:26,2019-07-05 00:31:04
retextjs/retext-spell,2018-11-09 20:14:26,2019-07-05 00:31:04
retextjs/retext-readability,2018-11-09 20:14:26,2019-07-05 00:31:04
remarkjs/remark-vdom,2018-11-09 20:14:26,2019-07-05 00:31:04
rehypejs/rehype-minify,2018-11-09 20:14:26,2019-07-05 00:31:04
remarkjs/remark-frontmatter,2018-11-09 20:14:26,2019-07-05 00:31:04
retextjs/retext-smartypants,2018-11-09 20:14:26,2019-07-05 00:31:04
remarkjs/remark-usage,2018-11-09 20:14:26,2019-07-05 00:31:04
remarkjs/remark-highlight.js,2018-11-09 20:14:26,2019-07-05 00:31:04
remarkjs/remark-slug,2018-11-09 20:14:26,2019-07-05 00:31:04
unifiedjs/unified-engine,2018-11-09 20:14:26,2019-07-05 00:31:04
syntax-tree/mdast-util-toc,2018-11-09 20:14:26,2019-07-05 00:31:04
remarkjs/remark-textr,2018-11-09 20:14:26,2019-07-05 00:31:04
vfile/to-vfile,2018-11-09 20:14:26,2019-07-05 00:31:04
syntax-tree/unist-util-select,2018-11-09 20:14:26,2019-07-05 00:31:04
remarkjs/remark-rehype,2018-11-09 20:14:26,2019-07-05 00:31:04
retextjs/retext-emoji,2018-11-09 20:14:26,2019-07-05 00:31:04
syntax-tree/unist-builder,2018-11-09 20:14:26,2019-07-05 00:31:04
syntax-tree/mdast-util-to-hast,2018-11-09 20:14:26,2019-07-05 00:31:04
retextjs/retext-profanities,2018-11-09 20:14:26,2019-07-05 00:31:04
syntax-tree/hast-util-to-html,2018-11-09 20:14:26,2019-07-05 00:31:04
syntax-tree/hast-to-hyperscript,2018-11-09 20:14:26,2019-07-05 00:31:04
retextjs/retext-pos,2018-11-09 20:14:26,2019-07-05 00:31:04
unifiedjs/unified-args,2018-11-09 20:14:26,2019-07-05 00:31:04
vfile/vfile-reporter,2018-11-09 20:14:26,2019-07-05 00:31:04
remarkjs/remark-autolink-headings,2018-11-09 20:14:26,2019-07-05 00:31:04
vfile/vfile-to-eslint,2018-11-09 20:14:26,2019-07-05 00:31:04
syntax-tree/unist-util-inspect,2018-11-09 20:14:26,2019-07-05 00:31:04
rehypejs/rehype-highlight,2018-11-09 20:14:26,2019-07-05 00:31:04
vfile/vfile-reporter-pretty,2018-11-09 20:14:26,2019-07-05 00:31:04
syntax-tree/nlcst-to-string,2018-11-09 20:14:26,2019-07-05 00:31:04
syntax-tree/hast-util-sanitize,2018-11-09 20:14:26,2019-07-05 00:31:04
remarkjs/remark-breaks,2018-11-09 20:14:26,2019-07-05 00:31:04
remarkjs/remark-external-links,2018-11-09 20:14:26,2019-07-05 00:31:04
syntax-tree/mdast-util-to-string,2018-11-09 20:14:26,2019-07-05 00:31:04
syntax-tree/unist-util-is,2018-11-09 20:14:26,2019-07-05 00:31:04
remarkjs/remark-unwrap-images,2018-11-09 20:14:26,2019-07-05 00:31:04
remarkjs/remark-contributors,2018-11-09 20:14:26,2019-07-05 00:31:04
rehypejs/rehype-document,2018-11-09 20:14:26,2019-07-05 00:31:04
remarkjs/remark-bookmarks,2018-11-09 20:14:26,2019-07-05 00:31:04
syntax-tree/unist-util-visit-parents,2018-11-09 20:14:26,2019-07-05 00:31:04
unifiedjs/unified-diff,2018-11-09 20:14:26,2019-07-05 00:31:04
syntax-tree/unist-util-map,2018-11-09 20:14:26,2019-07-05 00:31:04
retextjs/retext-passive,2018-11-09 20:14:26,2019-07-05 00:31:04
syntax-tree/mdast-zone,2018-11-09 20:14:26,2019-07-05 00:31:04
rehypejs/rehype-slug,2018-11-09 20:14:26,2019-07-05 00:31:04
retextjs/retext-intensify,2018-11-09 20:14:26,2019-07-05 00:31:04
retextjs/retext-indefinite-article,2018-11-09 20:14:26,2019-07-05 00:31:04
remarkjs/remark-license,2018-11-09 20:14:26,2019-07-05 00:31:04
remarkjs/gulp-remark,2018-11-09 20:14:26,2019-07-05 00:31:04
syntax-tree/hast-util-select,2018-11-09 20:14:26,2019-07-05 00:31:04
rehypejs/rehype-remark,2018-11-09 20:14:26,2019-07-05 00:31:04
syntax-tree/nlcst-search,2018-11-09 20:14:26,2019-07-05 00:31:04
syntax-tree/hast-util-parse-selector,2018-11-09 20:14:26,2019-07-05 00:31:04
rehypejs/rehype-format,2018-11-09 20:14:26,2019-07-05 00:31:04
remarkjs/remark-inline-links,2018-11-09 20:14:26,2019-07-05 00:31:04
remarkjs/remark-reference-links,2018-11-09 20:14:26,2019-07-05 00:31:04
remarkjs/remark-defsplit,2018-11-09 20:14:26,2019-07-05 00:31:04
rehypejs/rehype-sanitize,2018-11-09 20:14:26,2019-07-05 00:31:04
rehypejs/rehype-raw,2018-11-09 20:14:26,2019-07-05 00:31:04
syntax-tree/hast-util-to-mdast,2018-11-09 20:14:26,2019-07-05 00:31:04
rehypejs/rehype-retext,2018-11-09 20:14:26,2019-07-05 00:31:04
syntax-tree/hast-util-to-text,2018-11-09 20:14:26,2019-07-05 00:31:04
unifiedjs/unified-engine-atom,2018-11-09 20:14:26,2019-07-05 00:31:04
syntax-tree/mdast-comment-marker,2018-11-09 20:14:26,2019-07-05 00:31:04
remarkjs/remark-strip-badges,2018-11-09 20:14:26,2019-07-05 00:31:04
remarkjs/remark-retext,2018-11-09 20:14:26,2019-07-05 00:31:04
syntax-tree/mdast-util-heading-range,2018-11-09 20:14:26,2019-07-05 00:31:04
syntax-tree/unist-util-remove-position,2018-11-09 20:14:26,2019-07-05 00:31:04
remarkjs/remark-images,2018-11-09 20:14:26,2019-07-05 00:31:04
syntax-tree/mdast-util-to-nlcst,2018-11-09 20:14:26,2019-07-05 00:31:04
retextjs/retext-quotes,2018-11-09 20:14:26,2019-07-05 00:31:04
remarkjs/remark-embed-images,2018-11-09 20:14:26,2019-07-05 00:31:04
syntax-tree/nlcst-is-literal,2018-11-09 20:14:26,2019-07-05 00:31:04
syntax-tree/nlcst-normalize,2018-11-09 20:14:26,2019-07-05 00:31:04
syntax-tree/unist-util-remove,2018-11-09 20:14:26,2019-07-05 00:31:04
syntax-tree/hast-util-from-dom,2018-11-09 20:14:26,2019-07-05 00:31:04
vfile/vfile-find-up,2018-11-09 20:14:26,2019-07-05 00:31:04
rehypejs/rehype-autolink-headings,2018-11-09 20:14:26,2019-07-05 00:31:04
rehypejs/rehype-picture,2018-11-09 20:14:26,2019-07-05 00:31:04
remarkjs/remark-comment-config,2018-11-09 20:14:26,2019-07-05 00:31:04
syntax-tree/hast-util-is-element,2018-11-09 20:14:26,2019-07-05 00:31:04
retextjs/retext-repeated-words,2018-11-09 20:14:26,2019-07-05 00:31:04
remarkjs/remark-message-control,2018-11-09 20:14:26,2019-07-05 00:31:04
syntax-tree/unist-util-find-all-before,2018-11-09 20:14:26,2019-07-05 00:31:04
vfile/vfile-message,2018-11-09 20:14:26,2019-07-05 00:31:04
vfile/vfile-location,2018-11-09 20:14:26,2019-07-05 00:31:04
remarkjs/remark-git-contributors,2018-11-09 20:14:26,2019-07-05 00:31:04
syntax-tree/unist-util-position,2018-11-09 20:14:26,2019-07-05 00:31:04
vfile/vfile-reporter-folder-json,2018-11-09 20:14:26,2019-07-05 00:31:04
syntax-tree/hast-util-from-parse5,2018-11-09 20:14:26,2019-07-05 00:31:04
syntax-tree/unist-util-find-all-after,2018-11-09 20:14:26,2019-07-05 00:31:04
syntax-tree/unist-util-filter,2018-11-09 20:14:26,2019-07-05 00:31:04
syntax-tree/hast-util-to-dom,2018-11-09 20:14:26,2019-07-05 00:31:04
remarkjs/remark-heading-gap,2018-11-09 20:14:26,2019-07-05 00:31:04
remarkjs/grunt-remark,2018-11-09 20:14:26,2019-07-05 00:31:04
syntax-tree/unist-util-stringify-position,2018-11-09 20:14:26,2019-07-05 00:31:04
unifiedjs/unified-engine-gulp,2018-11-09 20:14:26,2019-07-05 00:31:04
retextjs/retext-sentence-spacing,2018-11-09 20:14:26,2019-07-05 00:31:04
syntax-tree/unist-util-source,2018-11-09 20:14:26,2019-07-05 00:31:04
syntax-tree/unist-util-modify-children,2018-11-09 20:14:26,2019-07-05 00:31:04
syntax-tree/mdast-normalize-headings,2018-11-09 20:14:26,2019-07-05 00:31:04
remarkjs/remark-yaml-config,2018-11-09 20:14:26,2019-07-05 00:31:04
syntax-tree/unist-util-index,2018-11-09 20:14:26,2019-07-05 00:31:04
vfile/vfile-sort,2018-11-09 20:14:26,2019-07-05 00:31:04
retextjs/retext-contractions,2018-11-09 20:14:26,2019-07-05 00:31:04
retextjs/retext-diacritics,2018-11-09 20:14:26,2019-07-05 00:31:04
syntax-tree/mdast-util-definitions,2018-11-09 20:14:26,2019-07-05 00:31:04
syntax-tree/unist-util-visit-children,2018-11-09 20:14:26,2019-07-05 00:31:04
unifiedjs/unified-stream,2018-11-09 20:14:26,2019-07-05 00:31:04
unifiedjs/unified-message-control,2018-11-09 20:14:26,2019-07-05 00:31:04
syntax-tree/hast-util-to-snabbdom,2018-11-09 20:14:26,2019-07-05 00:31:04
remarkjs/remark-midas,2018-11-09 20:14:26,2019-07-05 00:31:04
syntax-tree/unist-util-find-after,2018-11-09 20:14:26,2019-07-05 00:31:04
syntax-tree/mdast-squeeze-paragraphs,2018-11-09 20:14:26,2019-07-05 00:31:04
remarkjs/remark-normalize-headings,2018-11-09 20:14:26,2019-07-05 00:31:04
vfile/vfile-statistics,2018-11-09 20:14:26,2019-07-05 00:31:04
syntax-tree/unist-util-find-before,2018-11-09 20:14:26,2019-07-05 00:31:04
syntax-tree/mdast-util-heading-style,2018-11-09 20:14:26,2019-07-05 00:31:04
vfile/vfile-reporter-json,2018-11-09 20:14:26,2019-07-05 00:31:04
remarkjs/remark-unlink,2018-11-09 20:14:26,2019-07-05 00:31:04
syntax-tree/hast-util-whitespace,2018-11-09 20:14:26,2019-07-05 00:31:04
syntax-tree/mdast-util-compact,2018-11-09 20:14:26,2019-07-05 00:31:04
syntax-tree/unist-builder-blueprint,2018-11-09 20:14:26,2019-07-05 00:31:04
retextjs/retext-syntax-urls,2018-11-09 20:14:26,2019-07-05 00:31:04
syntax-tree/nlcst-emoji-modifier,2018-11-09 20:14:26,2019-07-05 00:31:04
syntax-tree/unist-util-generated,2018-11-09 20:14:26,2019-07-05 00:31:04
syntax-tree/hast-util-raw,2018-11-09 20:14:26,2019-07-05 00:31:04
retextjs/retext-syntax-mentions,2018-11-09 20:14:26,2019-07-05 00:31:04
syntax-tree/hast-util-shift-heading,2018-11-09 20:14:26,2019-07-05 00:31:04
syntax-tree/hast-util-labelable,2018-11-09 20:14:26,2019-07-05 00:31:04
wooorm/wooorm.github.io,2018-11-09 20:14:26,2019-07-05 00:31:04
syntax-tree/hast-util-from-text,2018-11-09 20:14:26,2019-07-05 00:31:04
syntax-tree/unist-util-assert,2018-11-09 20:14:26,2019-07-05 00:31:04
remarkjs/remark-gemoji,2018-11-09 20:14:26,2019-07-05 00:31:04
syntax-tree/hast-util-heading,2018-11-09 20:14:26,2019-07-05 00:31:04
syntax-tree/nlcst-emoticon-modifier,2018-11-09 20:14:26,2019-07-05 00:31:04
remarkjs/remark-squeeze-paragraphs,2018-11-09 20:14:26,2019-07-05 00:31:04
syntax-tree/unist-util-parents,2018-11-09 20:14:26,2019-07-05 00:31:04
syntax-tree/nlcst-test,2018-11-09 20:14:26,2019-07-05 00:31:04
nemanjan00/uniread,,
neuecc/UniRx,2018-07-10 20:59:14,2018-09-21 18:39:40
kriasoft/universal-router,,
liorbraginsky92/universal-router,,
UniversalViewer/universalviewer,2017-06-02 12:56:37,2019-05-24 01:18:04
universalviewer/universalviewer,2017-06-02 12:56:37,2019-05-24 01:18:04
urduhack/urduhack,2019-07-04 19:24:10,
urduhack/urdu-words,2019-07-04 19:24:10,
urduhack/urdu-characters,2019-07-04 19:24:10,
urduhack/urdu-stopwords,2019-07-04 19:24:10,
keishabien/cec,2018-01-22 22:47:16,
userfrosting/fortress,,
userfrosting/assets,,
userfrosting/UniformResourceLocator,,
userfrosting/cache,,
userfrosting/i18n,,
userfrosting/support,,
userfrosting/session,,
userfrosting/config,,
ValorizeVidas/valorize-vidas,,
venediktov/vanilla-rtb,2018-10-14 14:49:54,2019-04-26 05:07:18
malcommac/UAParserSwift,2016-06-06 18:24:12,2017-09-09 05:34:23
vapor/vapor,,
vcr/vcr,2016-05-10 13:20:09,
mateogianolio/vectorious,,
verdaccio/verdaccio,2018-05-03 18:26:59,2019-07-01 01:31:44
verdaccio/ui,2018-05-03 18:26:59,2019-07-01 01:31:44
verdaccio/local-storage,2018-05-03 18:26:59,2019-07-01 01:31:44
verdaccio/verdaccio-google-cloud,2018-05-03 18:26:59,2019-07-01 01:31:44
verdaccio/verdaccio-htpasswd,2018-05-03 18:26:59,2019-07-01 01:31:44
verdaccio/website,2018-05-03 18:26:59,2019-07-01 01:31:44
verdaccio/verdaccio-memory,2018-05-03 18:26:59,2019-07-01 01:31:44
verdaccio/verdaccio-audit,2018-05-03 18:26:59,2019-07-01 01:31:44
verdaccio/verdaccio-aws-s3-storage,2018-05-03 18:26:59,2019-07-01 01:31:44
verdaccio/streams,2018-05-03 18:26:59,2019-07-01 01:31:44
verdaccio/readme,2018-05-03 18:26:59,2019-07-01 01:31:44
verdaccio/file-locking,2018-05-03 18:26:59,2019-07-01 01:31:44
calidion/vig,,
visjs-community/visjs-network,2018-03-31 02:38:06,
equinusocio/vsc-material-theme,2018-04-26 11:27:55,2018-11-23 21:50:50
jschr/vscodethemes,,
meteorlxy/vssue,,
fritx/vue-at,,
NdagiStanley/vue-django,2019-04-14 15:22:15,2019-07-07 01:01:33
GeekyAnts/vue-native-core,2019-03-16 22:29:01,
VulcanJS/Vulcan,2018-07-11 04:05:54,
machaosuper/vux_learn,2017-03-11 13:08:06,2018-08-17 19:04:25
olistic/warriorjs,2018-05-08 15:29:36,2018-11-23 21:58:14
tianyong90/we-vue,,
JulianNorton/weather-10kb-wxkb,2017-05-01 10:16:30,2018-10-05 18:24:02
bonigarcia/webdrivermanager,2019-02-21 11:21:01,
bonigarcia/webdrivermanager-examples,2019-02-21 11:21:01,
webonyx/graphql-php,2019-04-03 15:41:22,
webpack/webpack,2016-10-15 11:48:09,2019-06-09 01:04:20
webpack-contrib/awesome-webpack,2016-10-15 11:48:09,2019-06-09 01:04:20
webpack/webpack-cli,2016-10-15 11:48:09,2019-06-09 01:04:20
angular-pakistan/ng-conf-2017,2016-10-15 11:48:09,2019-06-09 01:04:20
opencollective/opencollective-postinstall,2016-10-15 11:48:09,2019-06-09 01:04:20
anyong/react-rally-17,2016-10-15 11:48:09,2019-06-09 01:04:20
cd-fez/es-webpack,,
qbeon/webwire-go,,
qbeon/webwire-js,,
qbeon/webwire-go-client,,
overtrue/wechat,,
Chatie/wechaty,2019-05-03 05:31:19,2019-05-09 21:08:38
alibaba/weex-ui,,
wemake-services/wemake-python-styleguide,2019-07-04 08:36:55,
wexond/wexond,2019-05-02 10:33:53,
glacials/whatsinstandard,,
WhitestormJS/whs.js,2017-02-10 16:16:55,2018-11-08 23:27:46
Requarks/wiki,2017-10-05 05:09:44,2019-07-05 00:05:19
journal-club/wiki,2017-10-05 05:09:44,2019-07-05 00:05:19
EugenePizzerbert/Node-best-1,2017-10-05 05:09:44,2019-07-05 00:05:19
cheng-kang/wildfire,,
vanila-io/wireflow,2017-12-04 05:30:35,
discourse/wp-discourse,2017-03-10 02:43:22,2017-11-28 11:41:22
wp-graphql/wp-graphql,2019-03-28 14:45:27,2019-07-01 01:27:51
wzpan/wukong-robot,,
wwcodemanila/WWCodeManila-Python,4/17/2017 16:41,5/17/2019 0:36
wwcodemanila/WWCodeManila-Ruby.RubyOnRails,4/17/2017 16:41,5/17/2019 0:36
wwcodemanila/WWCodeManila-HTML.CSS,4/17/2017 16:41,5/17/2019 0:36
wwcodemanila/WWCodeManila-Android,4/17/2017 16:41,5/17/2019 0:36
wwcodemanila/WWCodeManila-JavaScript,4/17/2017 16:41,5/17/2019 0:36
wwcodemanila/WWCodeManila-iOS,4/17/2017 16:41,5/17/2019 0:36
wwcodemanila/WWCodeManila-PHP,4/17/2017 16:41,5/17/2019 0:36
wwcodemanila/WWCodeManila-VueJS,4/17/2017 16:41,5/17/2019 0:36
wwcodemanila/WWCodeManila-Java,4/17/2017 16:41,5/17/2019 0:36
WomenWhoCode/WWCodeMedellin,2016-11-30 15:59:29,2019-05-16 23:33:22
kmvan/x-prober,,
matthewmueller/x-ray,2017-01-19 18:52:20,
lapwinglabs/x-ray,2017-01-19 18:52:20,
dmlc/xgboost,2019-03-04 17:36:17,2019-05-24 01:01:16
xlayers/xlayers,,
xmake-io/xmake,,
go-xorm/xorm,2018-05-11 04:13:46,
davidkpiano/xstate,2018-09-10 12:22:09,2019-07-01 01:25:17
kolohelios/xstate-cartographer,2018-09-10 12:22:09,2019-07-01 01:25:17
yakkeejs/yakkee-core,,
yeoman/yeoman,2015-12-14 17:09:10,2016-04-25 20:00:00
yeoman/generator-angular,2015-12-14 17:09:10,2016-04-25 20:00:00
yeoman/yo,2015-12-14 17:09:10,2016-04-25 20:00:00
yeoman/generator,2015-12-14 17:09:10,2016-04-25 20:00:00
yeoman/generator-node,2015-12-14 17:09:10,2016-04-25 20:00:00
yeoman/generator-webapp_DEPRECATED,,
yiisoft/yii2,2019-03-29 12:41:19,2019-06-27 23:38:39
Yoshino-UI/Yoshino,,
danilor/YoulrsWithFrontEndPage,,
YOURLS/YOURLS,2017-05-02 08:30:56,2019-01-17 23:30:56
zxing-js/ngx-scanner,,
opencollective/opencollective-website,,
opencollective/opencollective-app,,
opencollective/opencollective-site,,
ponsonio-aurea/rubocop,2017-01-06 17:50:13,2019-01-13 22:49:48
werbug/webpack,2016-10-15 11:48:09,2019-06-09 01:04:20
awesome-emacs/cider,2017-01-06 12:52:08,2019-01-13 22:50:03
